"cell_id","ORF","Name","Allele","Strain.ID","Plate","Row","Column","ImageNumber","ObjectNumber","Predictions"
164653579,"YDL119C","HEM25","","dma703","Spf1_R1_Plate02",6,13,531,9,"G1 phase"
164653597,"YDL119C","HEM25","","dma703","Spf1_R1_Plate02",6,13,531,29,"MA phase"
164724939,"YBR289W","SNF5","","dma449","Spf1_R1_Plate02",11,10,997,12,"G1 phase"
164792604,"YDR207C","UME6","","dma979","Spf1_R1_Plate03",4,14,344,10,"G1 phase"
164795400,"YDR198C","RKM2","","dma962","Spf1_R1_Plate03",2,4,112,17,"G1 phase"
164799992,"YDR289C","RTT103","","dma1037","Spf1_R1_Plate03",14,10,1287,8,"S/G2 phase"
164807916,"YDR369C","XRS2","","dma1097","Spf1_R1_Plate03",8,9,706,5,"G1 phase"
164811588,"YDL215C","GDH2","","dma794","Spf1_R1_Plate03",5,4,400,13,"G1 phase"
164823380,"YDR146C","SWI5","","dma927","Spf1_R1_Plate03",11,5,979,9,"G1 phase"
164832000,"YDR266C","HEL2","","dma1030","Spf1_R1_Plate03",12,20,1133,206,"G1 phase"
164833295,"YDR388W","RVS167","","dma1128","Spf1_R1_Plate03",12,23,1148,36,"G1 phase"
164846449,"YDL194W","SNF3","","dma783","Spf1_R1_Plate03",3,6,215,7,"G1 phase"
164854438,"YDR469W","SDC1","","dma1195","Spf1_R1_Plate04",7,14,630,13,"G1 phase"
164854497,"YDR469W","SDC1","","dma1195","Spf1_R1_Plate04",7,14,631,35,"S/G2 phase"
164883201,"YDR497C","ITR1","","dma1223","Spf1_R1_Plate04",11,22,1045,20,"G1 phase"
164883202,"YDR497C","ITR1","","dma1223","Spf1_R1_Plate04",11,22,1045,21,"G1 phase"
164883212,"YDR497C","ITR1","","dma1223","Spf1_R1_Plate04",11,22,1045,31,"G1 phase"
164883226,"YDR497C","ITR1","","dma1223","Spf1_R1_Plate04",11,22,1047,10,"G1 phase"
164883230,"YDR497C","ITR1","","dma1223","Spf1_R1_Plate04",11,22,1047,14,"T phase"
164900042,"YER167W","BCK2","","dma1459","Spf1_R1_Plate04",4,13,337,99,"G1 phase"
164900104,"YER167W","BCK2","","dma1459","Spf1_R1_Plate04",4,13,338,58,"G1 phase"
164900391,"YER061C","CEM1","","dma1363","Spf1_R1_Plate04",4,14,341,7,"S/G2 phase"
164906893,"YER155C","BEM2","","dma1444","Spf1_R1_Plate04",2,7,123,32,"MA-single"
164906895,"YER155C","BEM2","","dma1444","Spf1_R1_Plate04",2,7,123,34,"G1 phase"
164912127,"YFR009W","GCN20","","dma1516","Spf1_R1_Plate04",14,7,1273,5,"S/G2 phase"
164912136,"YFR009W","GCN20","","dma1516","Spf1_R1_Plate04",14,7,1273,14,"G1 phase"
164912295,"YFR009W","GCN20","","dma1516","Spf1_R1_Plate04",14,7,1275,31,"G1 phase"
164927716,"YFL023W","BUD27","bud27-supp1","dma1478","Spf1_R1_Plate04",8,3,683,13,"S/G2 phase"
164927733,"YFL023W","BUD27","bud27-supp1","dma1478","Spf1_R1_Plate04",8,3,684,15,"G1 phase"
164932832,"YER161C","SPT2","","dma1464","Spf1_R1_Plate04",4,23,378,11,"G1 phase"
164934520,"YDR455C","","","dma1179","Spf1_R1_Plate04",5,6,408,18,"T phase"
164969578,"YER120W","SCS2","","dma1408","Spf1_R1_Plate04",12,8,1086,10,"G1 phase"
164996689,"YER145C","FTR1","","dma1450","Spf1_R1_Plate04",2,19,169,2,"T phase"
164996690,"YER145C","FTR1","","dma1450","Spf1_R1_Plate04",2,19,169,3,"T phase"
165045379,"YGL163C","RAD54","","dma1715","Spf1_R1_Plate05",13,21,1234,2,"G1 phase"
165045408,"YGL163C","RAD54","","dma1715","Spf1_R1_Plate05",13,21,1235,12,"T phase"
165045420,"YGL163C","RAD54","","dma1715","Spf1_R1_Plate05",13,21,1236,14,"G1 phase"
165057198,"YGL115W","SNF4","","dma1678","Spf1_R1_Plate05",7,19,649,25,"T phase"
165057214,"YGL115W","SNF4","","dma1678","Spf1_R1_Plate05",7,19,650,8,"G1 phase"
165116072,"YGR092W","DBF2","","dma1850","Spf1_R1_Plate05",6,3,490,8,"G1 phase"
165116090,"YGR092W","DBF2","","dma1850","Spf1_R1_Plate05",6,3,491,10,"MA-single"
165118725,"YHL031C","GOS1","gos1-supp1","dma2054","Spf1_R1_Plate06",7,3,588,9,"T phase"
165179342,"YHR158C","KEL1","","dma2186","Spf1_R1_Plate06",14,4,1264,10,"S/G2 phase"
165179349,"YHR158C","KEL1","","dma2186","Spf1_R1_Plate06",14,4,1264,17,"MA-single"
165214171,"YHR022C","","","dma2093","Spf1_R1_Plate06",13,9,1185,118,"T phase"
165214211,"YHR022C","","","dma2093","Spf1_R1_Plate06",13,9,1186,47,"G1 phase"
165214225,"YHR022C","","","dma2093","Spf1_R1_Plate06",13,9,1186,62,"G1 phase"
165214306,"YHR022C","","","dma2093","Spf1_R1_Plate06",13,9,1187,67,"G1 phase"
165214347,"YHR022C","","","dma2093","Spf1_R1_Plate06",13,9,1188,12,"MA phase"
165215776,"YHR021C","RPS27B","","dma2095","Spf1_R1_Plate06",13,13,1203,12,"G1 phase"
165218133,"YHR111W","UBA4","","dma2155","Spf1_R1_Plate06",8,14,726,24,"G1 phase"
165233181,"YHR004C","NEM1","","dma2082","Spf1_R1_Plate06",11,11,1001,8,"G1 phase"
165233271,"YHR004C","NEM1","","dma2082","Spf1_R1_Plate06",11,11,1004,15,"G1 phase"
165284858,"YJL139C","YUR1","","dma2524","Spf1_R1_Plate07",6,8,509,3,"G1 phase"
165284869,"YJL139C","YUR1","","dma2524","Spf1_R1_Plate07",6,8,509,14,"G1 phase"
165307303,"YJR084W","","","dma2655","Spf1_R1_Plate07",12,5,1073,8,"G1 phase"
165307325,"YJR084W","","","dma2655","Spf1_R1_Plate07",12,5,1074,15,"S/G2 phase"
165322794,"YJL211C","","","dma2598","Spf1_R1_Plate07",2,11,140,14,"MA-single"
165322857,"YJL099W","CHS6","","dma2502","Spf1_R1_Plate07",2,12,141,10,"G1 phase"
165322860,"YJL099W","CHS6","","dma2502","Spf1_R1_Plate07",2,12,141,13,"G1 phase"
165322861,"YJL099W","CHS6","","dma2502","Spf1_R1_Plate07",2,12,141,14,"S/G2 phase"
165322918,"YJL099W","CHS6","","dma2502","Spf1_R1_Plate07",2,12,143,2,"S/G2 phase"
165353843,"YIL090W","ICE2","","dma2332","Spf1_R1_Plate07",5,8,415,29,"G1 phase"
165360078,"YIL157C","COA1","","dma2380","Spf1_R1_Plate07",13,8,1181,47,"G1 phase"
165360283,"YIL157C","COA1","","dma2380","Spf1_R1_Plate07",13,8,1184,9,"G1 phase"
165360313,"YIL157C","COA1","","dma2380","Spf1_R1_Plate07",13,8,1184,39,"G1 phase"
165362861,"YJL057C","IKS1","","dma2480","Spf1_R1_Plate07",13,15,1211,47,"G1 phase"
165362977,"YJL057C","IKS1","","dma2480","Spf1_R1_Plate07",13,15,1212,11,"G1 phase"
165363003,"YJL057C","IKS1","","dma2480","Spf1_R1_Plate07",13,15,1212,37,"G1 phase"
165375975,"YJL047C","RTT101","","dma2463","Spf1_R1_Plate07",11,5,977,4,"G1 phase"
165376420,"YJL046W","AIM22","","dma2464","Spf1_R1_Plate07",11,7,986,5,"G1 phase"
165389516,"YJR075W","HOC1","","dma2662","Spf1_R1_Plate07",12,19,1132,13,"G1 phase"
165389562,"YJR075W","HOC1","","dma2662","Spf1_R1_Plate07",12,19,1132,59,"G1 phase"
165404996,"YJL095W","BCK1","","dma2504","Spf1_R1_Plate07",2,16,157,3,"S/G2 phase"
165405019,"YJL095W","BCK1","","dma2504","Spf1_R1_Plate07",2,16,157,26,"G1 phase"
165405023,"YJL095W","BCK1","","dma2504","Spf1_R1_Plate07",2,16,157,30,"S/G2 phase"
165405099,"YJL095W","BCK1","","dma2504","Spf1_R1_Plate07",2,16,159,23,"S/G2 phase"
165405101,"YJL095W","BCK1","","dma2504","Spf1_R1_Plate07",2,16,159,25,"MA-single"
165408487,"YJL204C","RCY1","","dma2604","Spf1_R1_Plate07",2,23,185,8,"G1 phase"
165408489,"YJL204C","RCY1","","dma2604","Spf1_R1_Plate07",2,23,185,10,"G1 phase"
165413621,"YIL084C","SDS3","","dma2337","Spf1_R1_Plate07",5,18,454,15,"G1 phase"
165449946,"YKR024C","DBP7","","dma2929","Spf1_R1_Plate08",10,2,869,15,"S/G2 phase"
165449947,"YKR024C","DBP7","","dma2929","Spf1_R1_Plate08",10,2,869,16,"S/G2 phase"
165456789,"YKL204W","EAP1","","dma2894","Spf1_R1_Plate08",4,4,302,6,"S/G2 phase"
165465466,"YKR059W","TIF1","","dma2978","Spf1_R1_Plate08",2,3,106,7,"S/G2 phase"
165465510,"YKR059W","TIF1","","dma2978","Spf1_R1_Plate08",2,3,108,3,"G1 phase"
165469642,"YKL032C","IXR1","","dma2770","Spf1_R1_Plate08",13,20,1230,5,"G1 phase"
165471182,"YKR048C","NAP1","","dma2953","Spf1_R1_Plate08",14,2,1253,115,"G1 phase"
165472741,"YLL043W","FPS1","","dma3052","Spf1_R1_Plate08",14,7,1273,7,"S/G2 phase"
165476927,"YKL113C","RAD27","","dma2839","Spf1_R1_Plate08",9,13,818,19,"MA phase"
165510842,"YKR001C","VPS1","","dma2924","Spf1_R1_Plate08",8,16,736,25,"T phase"
165531334,"YLL023C","POM33","","dma3041","Spf1_R1_Plate08",12,9,1089,12,"G1 phase"
165531338,"YLL023C","POM33","","dma3041","Spf1_R1_Plate08",12,9,1089,16,"G1 phase"
165531343,"YLL023C","POM33","","dma3041","Spf1_R1_Plate08",12,9,1089,21,"S/G2 phase"
165531370,"YLL023C","POM33","","dma3041","Spf1_R1_Plate08",12,9,1090,10,"G1 phase"
165531380,"YLL023C","POM33","","dma3041","Spf1_R1_Plate08",12,9,1091,8,"G1 phase"
165531384,"YLL023C","POM33","","dma3041","Spf1_R1_Plate08",12,9,1091,12,"G1 phase"
165531389,"YLL023C","POM33","","dma3041","Spf1_R1_Plate08",12,9,1091,17,"G1 phase"
165531402,"YLL023C","POM33","","dma3041","Spf1_R1_Plate08",12,9,1092,11,"G1 phase"
165531408,"YLL023C","POM33","","dma3041","Spf1_R1_Plate08",12,9,1092,18,"G1 phase"
165539083,"YKL069W","","","dma2802","Spf1_R1_Plate08",3,11,234,30,"T phase"
165539098,"YKL069W","","","dma2802","Spf1_R1_Plate08",3,11,235,7,"MA-single"
165539119,"YKL069W","","","dma2802","Spf1_R1_Plate08",3,11,235,28,"G1 phase"
165539121,"YKL069W","","","dma2802","Spf1_R1_Plate08",3,11,235,31,"G1 phase"
165539122,"YKL069W","","","dma2802","Spf1_R1_Plate08",3,11,235,32,"MA-single"
165539132,"YKL069W","","","dma2802","Spf1_R1_Plate08",3,11,235,42,"G1 phase"
165554097,"YJR117W","STE24","","dma2701","Spf1_R1_Plate08",3,2,197,80,"G1 phase"
165554468,"YKL073W","LHS1","lhs1-supp1","dma2798","Spf1_R1_Plate08",3,3,201,8,"S/G2 phase"
165554469,"YKL073W","LHS1","lhs1-supp1","dma2798","Spf1_R1_Plate08",3,3,201,9,"T phase"
165559966,"YJR118C","ILM1","","dma2723","Spf1_R1_Plate08",5,22,469,29,"G1 phase"
165559997,"YJR118C","ILM1","","dma2723","Spf1_R1_Plate08",5,22,470,26,"G1 phase"
165565413,"YLR021W","IRC25","","dma3110","Spf1_R1_Plate09",7,4,587,27,"MA-single"
165573316,"YLR242C","ARV1","arv1-supp1","dma3294","Spf1_R1_Plate09",6,12,523,56,"G1 phase"
165573346,"YLR242C","ARV1","arv1-supp1","dma3294","Spf1_R1_Plate09",6,12,524,25,"G1 phase"
165573470,"YLR242C","ARV1","arv1-supp1","dma3294","Spf1_R1_Plate09",6,12,526,65,"G1 phase"
165574982,"YLR239C","LIP2","","dma3296","Spf1_R1_Plate09",6,16,542,9,"MA phase"
165595318,"YLR386W","VAC14","","dma3411","Spf1_R1_Plate09",10,5,877,15,"G1 phase"
165645074,"YLR110C","CCW12","","dma3198","Spf1_R1_Plate09",5,11,425,13,"G1 phase"
165645084,"YLR110C","CCW12","","dma3198","Spf1_R1_Plate09",5,11,425,23,"G1 phase"
165645140,"YLR110C","CCW12","","dma3198","Spf1_R1_Plate09",5,11,425,80,"T phase"
165645199,"YLR110C","CCW12","","dma3198","Spf1_R1_Plate09",5,11,425,139,"G1 phase"
165645334,"YLR110C","CCW12","","dma3198","Spf1_R1_Plate09",5,11,426,47,"G1 phase"
165645342,"YLR110C","CCW12","","dma3198","Spf1_R1_Plate09",5,11,426,55,"G1 phase"
165645360,"YLR110C","CCW12","","dma3198","Spf1_R1_Plate09",5,11,426,74,"MA phase"
165645384,"YLR110C","CCW12","","dma3198","Spf1_R1_Plate09",5,11,426,98,"MA-single"
165645443,"YLR110C","CCW12","","dma3198","Spf1_R1_Plate09",5,11,426,160,"S/G2 phase"
165645476,"YLR110C","CCW12","","dma3198","Spf1_R1_Plate09",5,11,426,194,"S/G2 phase"
165645806,"YLR110C","CCW12","","dma3198","Spf1_R1_Plate09",5,11,428,93,"G1 phase"
165648368,"YLR061W","RPL22A","","dma3149","Spf1_R1_Plate09",13,10,1183,16,"G1 phase"
165656174,"YLR039C","RIC1","","dma3121","Spf1_R1_Plate09",9,2,768,38,"T phase"
165656201,"YLR039C","RIC1","","dma3121","Spf1_R1_Plate09",9,2,769,16,"MA-single"
165703563,"YLR320W","MMS22","","dma3369","Spf1_R1_Plate09",2,17,163,12,"MA phase"
165703572,"YLR320W","MMS22","","dma3369","Spf1_R1_Plate09",2,17,163,23,"G1 phase"
165703601,"YLR320W","MMS22","","dma3369","Spf1_R1_Plate09",2,17,164,3,"S/G2 phase"
165718836,"YMR070W","MOT3","","dma3680","Spf1_R1_Plate10",6,16,541,84,"G1 phase"
165718838,"YMR070W","MOT3","","dma3680","Spf1_R1_Plate10",6,16,541,86,"G1 phase"
165746525,"YMR039C","SUB1","","dma3653","Spf1_R1_Plate10",2,10,135,19,"G1 phase"
165786777,"YMR120C","ADE17","","dma3718","Spf1_R1_Plate10",12,20,1133,68,"MA-single"
165787921,"YLR425W","TUS1","","dma3472","Spf1_R1_Plate10",3,8,221,11,"G1 phase"
165787928,"YLR425W","TUS1","","dma3472","Spf1_R1_Plate10",3,8,221,18,"G1 phase"
165787951,"YLR425W","TUS1","","dma3472","Spf1_R1_Plate10",3,8,222,14,"G1 phase"
165809693,"YNL171C","","ynl171c-supp1","dma4064","Spf1_R1_Plate11",6,16,541,26,"G1 phase"
165813758,"YNL238W","KEX2","","dma4111","Spf1_R1_Plate11",14,14,1303,25,"G1 phase"
165826988,"YNL325C","FIG4","","dma4182","Spf1_R1_Plate11",10,11,908,13,"G1 phase"
165827361,"YNL324W","","","dma4183","Spf1_R1_Plate11",10,13,915,4,"G1 phase"
165827379,"YNL324W","","","dma4183","Spf1_R1_Plate11",10,13,916,4,"S/G2 phase"
165864137,"YNL106C","INP52","","dma4013","Spf1_R1_Plate11",13,9,1185,35,"G1 phase"
165864152,"YNL106C","INP52","","dma4013","Spf1_R1_Plate11",13,9,1185,53,"G1 phase"
165864199,"YNL106C","INP52","","dma4013","Spf1_R1_Plate11",13,9,1187,20,"G1 phase"
165864200,"YNL106C","INP52","","dma4013","Spf1_R1_Plate11",13,9,1187,21,"G1 phase"
165864204,"YNL106C","INP52","","dma4013","Spf1_R1_Plate11",13,9,1187,25,"G1 phase"
165864258,"YNL106C","INP52","","dma4013","Spf1_R1_Plate11",13,9,1188,10,"G1 phase"
165864276,"YNL106C","INP52","","dma4013","Spf1_R1_Plate11",13,9,1188,31,"G1 phase"
165864285,"YNL106C","INP52","","dma4013","Spf1_R1_Plate11",13,9,1188,40,"G1 phase"
165864292,"YNL106C","INP52","","dma4013","Spf1_R1_Plate11",13,9,1188,47,"G1 phase"
165931427,"YOR123C","LEO1","","dma4542","Spf1_R1_Plate12",6,11,522,29,"G1 phase"
165931474,"YOR123C","LEO1","","dma4542","Spf1_R1_Plate12",6,11,523,9,"G1 phase"
165931501,"YOR123C","LEO1","","dma4542","Spf1_R1_Plate12",6,11,523,36,"T phase"
165941421,"YOR070C","GYP1","","dma4499","Spf1_R1_Plate12",14,22,1334,4,"G1 phase"
165941434,"YOR070C","GYP1","","dma4499","Spf1_R1_Plate12",14,22,1335,2,"S/G2 phase"
165953583,"YOR165W","SEY1","","dma4562","Spf1_R1_Plate12",10,3,873,23,"MA-single"
165953584,"YOR165W","SEY1","","dma4562","Spf1_R1_Plate12",10,3,873,24,"MA-single"
165953764,"YOR165W","SEY1","","dma4562","Spf1_R1_Plate12",10,3,874,47,"G1 phase"
165954144,"YOR165W","SEY1","","dma4562","Spf1_R1_Plate12",10,3,876,158,"MA-single"
165954147,"YOR165W","SEY1","","dma4562","Spf1_R1_Plate12",10,3,876,161,"G1 phase"
166014213,"YOL064C","MET22","","dma4348","Spf1_R1_Plate12",5,7,410,43,"G1 phase"
166066656,"YOL049W","GSH2","","dma4340","Spf1_R1_Plate12",3,15,250,8,"T phase"
166119915,"YPL144W","POC4","","dma4881","Spf1_R1_Plate13",14,18,1317,20,"G1 phase"
166120041,"YPL144W","POC4","","dma4881","Spf1_R1_Plate13",14,18,1318,36,"MA phase"
166120355,"YPL144W","POC4","","dma4881","Spf1_R1_Plate13",14,18,1320,102,"S/G2 phase"
166194823,"YOR301W","RAX1","","dma4703","Spf1_R1_Plate13",15,22,1429,12,"MA-single"
166194847,"YOR301W","RAX1","","dma4703","Spf1_R1_Plate13",15,22,1429,38,"MA phase"
166195068,"YOR301W","RAX1","","dma4703","Spf1_R1_Plate13",15,22,1429,264,"G1 phase"
166195334,"YOR301W","RAX1","","dma4703","Spf1_R1_Plate13",15,22,1430,187,"G1 phase"
166195566,"YOR301W","RAX1","","dma4703","Spf1_R1_Plate13",15,22,1431,48,"G1 phase"
166195597,"YOR301W","RAX1","","dma4703","Spf1_R1_Plate13",15,22,1431,80,"G1 phase"
166195603,"YOR301W","RAX1","","dma4703","Spf1_R1_Plate13",15,22,1431,86,"G1 phase"
166195691,"YOR301W","RAX1","","dma4703","Spf1_R1_Plate13",15,22,1431,178,"G1 phase"
166309363,"YPL161C","BEM4","","dma4906","Spf1_R1_Plate13",2,19,169,53,"G1 phase"
166309366,"YPL161C","BEM4","","dma4906","Spf1_R1_Plate13",2,19,169,56,"G1 phase"
166342273,"YDR290W","","","dma5265","Spf1_R1_Plate14",14,18,1317,38,"S/G2 phase"
166342335,"YDR290W","","","dma5265","Spf1_R1_Plate14",14,18,1318,13,"G1 phase"
166353005,"YMR165C","PAH1","","dma5330","Spf1_R1_Plate14",10,3,873,23,"G1 phase"
166486014,"YBR106W","PHO88","","dma274","Spf1_R2_Plate01",14,20,1320,8,"G1 phase"
166486041,"YBR106W","PHO88","","dma274","Spf1_R2_Plate01",14,20,1320,36,"S/G2 phase"
166486055,"YBR106W","PHO88","","dma274","Spf1_R2_Plate01",14,20,1320,50,"MA phase"
166486126,"YBR106W","PHO88","","dma274","Spf1_R2_Plate01",14,20,1321,26,"G1 phase"
166486133,"YBR106W","PHO88","","dma274","Spf1_R2_Plate01",14,20,1321,33,"G1 phase"
166486191,"YBR106W","PHO88","","dma274","Spf1_R2_Plate01",14,20,1323,45,"MA-single"
166486483,"YBR214W","SDS24","","dma371","Spf1_R2_Plate01",14,21,1326,40,"G1 phase"
166486572,"YBR214W","SDS24","","dma371","Spf1_R2_Plate01",14,21,1327,16,"G1 phase"
166487021,"YBR105C","VID24","","dma275","Spf1_R2_Plate01",14,22,1328,346,"S/G2 phase"
166487172,"YBR105C","VID24","","dma275","Spf1_R2_Plate01",14,22,1328,498,"G1 phase"
166487663,"YBR105C","VID24","","dma275","Spf1_R2_Plate01",14,22,1329,384,"G1 phase"
166512919,"YBL096C","","","dma179","Spf1_R2_Plate01",13,21,1231,13,"G1 phase"
166523082,"YBR010W","HHT1","","dma187","Spf1_R2_Plate01",15,13,1388,2,"G1 phase"
166523088,"YBR010W","HHT1","","dma187","Spf1_R2_Plate01",15,13,1388,12,"G1 phase"
166523095,"YBR010W","HHT1","","dma187","Spf1_R2_Plate01",15,13,1388,19,"G1 phase"
166523096,"YBR010W","HHT1","","dma187","Spf1_R2_Plate01",15,13,1388,20,"S/G2 phase"
166523108,"YBR010W","HHT1","","dma187","Spf1_R2_Plate01",15,13,1388,32,"G1 phase"
166523111,"YBR010W","HHT1","","dma187","Spf1_R2_Plate01",15,13,1388,36,"G1 phase"
166523136,"YBR010W","HHT1","","dma187","Spf1_R2_Plate01",15,13,1389,6,"G1 phase"
166523137,"YBR010W","HHT1","","dma187","Spf1_R2_Plate01",15,13,1389,7,"G1 phase"
166523142,"YBR010W","HHT1","","dma187","Spf1_R2_Plate01",15,13,1389,13,"G1 phase"
166523150,"YBR010W","HHT1","","dma187","Spf1_R2_Plate01",15,13,1389,22,"G1 phase"
166523154,"YBR010W","HHT1","","dma187","Spf1_R2_Plate01",15,13,1389,26,"G1 phase"
166523177,"YBR010W","HHT1","","dma187","Spf1_R2_Plate01",15,13,1390,8,"S/G2 phase"
166523191,"YBR010W","HHT1","","dma187","Spf1_R2_Plate01",15,13,1390,23,"G1 phase"
166523192,"YBR010W","HHT1","","dma187","Spf1_R2_Plate01",15,13,1391,2,"G1 phase"
166523200,"YBR010W","HHT1","","dma187","Spf1_R2_Plate01",15,13,1391,10,"G1 phase"
166523216,"YBR010W","HHT1","","dma187","Spf1_R2_Plate01",15,13,1391,26,"G1 phase"
166549533,"YBL094C","","","dma158","Spf1_R2_Plate01",11,3,964,32,"G1 phase"
166549539,"YBL094C","","","dma158","Spf1_R2_Plate01",11,3,964,39,"T phase"
166549549,"YBL094C","","","dma158","Spf1_R2_Plate01",11,3,964,49,"G1 phase"
166549583,"YBL094C","","","dma158","Spf1_R2_Plate01",11,3,965,18,"G1 phase"
166549593,"YBL094C","","","dma158","Spf1_R2_Plate01",11,3,965,28,"G1 phase"
166549594,"YBL094C","","","dma158","Spf1_R2_Plate01",11,3,965,29,"G1 phase"
166549610,"YBL094C","","","dma158","Spf1_R2_Plate01",11,3,965,48,"G1 phase"
166549642,"YBL094C","","","dma158","Spf1_R2_Plate01",11,3,966,17,"T phase"
166549663,"YBL094C","","","dma158","Spf1_R2_Plate01",11,3,967,11,"G1 phase"
166552057,"YAR015W","ADE1","","dma65","Spf1_R2_Plate01",11,10,992,16,"G1 phase"
166567562,"YAL011W","SWC3","","dma17","Spf1_R2_Plate01",3,10,230,16,"G1 phase"
166567593,"YAL011W","SWC3","","dma17","Spf1_R2_Plate01",3,10,231,4,"S/G2 phase"
166567594,"YAL011W","SWC3","","dma17","Spf1_R2_Plate01",3,10,231,5,"G1 phase"
166592235,"YCL061C","MRC1","","dma522","Spf1_R2_Plate02",7,11,619,36,"G1 phase"
166592270,"YCL061C","MRC1","","dma522","Spf1_R2_Plate02",7,11,619,74,"G1 phase"
166599737,"YDL119C","HEM25","","dma703","Spf1_R2_Plate02",6,13,529,48,"G1 phase"
166599753,"YDL119C","HEM25","","dma703","Spf1_R2_Plate02",6,13,529,64,"MA-single"
166599786,"YDL119C","HEM25","","dma703","Spf1_R2_Plate02",6,13,530,34,"S/G2 phase"
166599851,"YDL119C","HEM25","","dma703","Spf1_R2_Plate02",6,13,531,43,"G1 phase"
166599852,"YDL119C","HEM25","","dma703","Spf1_R2_Plate02",6,13,531,44,"G1 phase"
166599874,"YDL119C","HEM25","","dma703","Spf1_R2_Plate02",6,13,532,15,"G1 phase"
166599889,"YDL119C","HEM25","","dma703","Spf1_R2_Plate02",6,13,532,31,"G1 phase"
166604355,"YCR090C","","","dma611","Spf1_R2_Plate02",6,22,565,4,"G1 phase"
166604393,"YCR090C","","","dma611","Spf1_R2_Plate02",6,22,565,43,"G1 phase"
166604663,"YCR090C","","","dma611","Spf1_R2_Plate02",6,22,567,97,"T phase"
166604669,"YCR090C","","","dma611","Spf1_R2_Plate02",6,22,567,103,"G1 phase"
166604682,"YCR090C","","","dma611","Spf1_R2_Plate02",6,22,567,116,"G1 phase"
166608538,"YDL056W","MBP1","","dma659","Spf1_R2_Plate02",14,22,1333,277,"G1 phase"
166608549,"YDL056W","MBP1","","dma659","Spf1_R2_Plate02",14,22,1333,288,"G1 phase"
166608998,"YDL056W","MBP1","","dma659","Spf1_R2_Plate02",14,22,1334,207,"T phase"
166609010,"YDL056W","MBP1","","dma659","Spf1_R2_Plate02",14,22,1334,219,"G1 phase"
166609050,"YDL056W","MBP1","","dma659","Spf1_R2_Plate02",14,22,1334,259,"G1 phase"
166609108,"YDL056W","MBP1","","dma659","Spf1_R2_Plate02",14,22,1334,317,"S/G2 phase"
166609129,"YDL056W","MBP1","","dma659","Spf1_R2_Plate02",14,22,1334,338,"G1 phase"
166609136,"YDL056W","MBP1","","dma659","Spf1_R2_Plate02",14,22,1334,345,"G1 phase"
166609449,"YDL056W","MBP1","","dma659","Spf1_R2_Plate02",14,22,1335,171,"S/G2 phase"
166609636,"YDL056W","MBP1","","dma659","Spf1_R2_Plate02",14,22,1335,360,"G1 phase"
166621265,"YDL035C","GPR1","","dma628","Spf1_R2_Plate02",10,8,893,37,"S/G2 phase"
166621347,"YDL035C","GPR1","","dma628","Spf1_R2_Plate02",10,8,896,12,"G1 phase"
166644664,"YCL016C","DCC1","","dma473","Spf1_R2_Plate02",15,10,1382,4,"T phase"
166647907,"YCR044C","PER1","per1-supp1","dma575","Spf1_R2_Plate02",15,21,1425,38,"G1 phase"
166647981,"YCR044C","PER1","per1-supp1","dma575","Spf1_R2_Plate02",15,21,1427,20,"G1 phase"
166648021,"YCR044C","PER1","per1-supp1","dma575","Spf1_R2_Plate02",15,21,1428,20,"G1 phase"
166669168,"YDL006W","PTC1","","dma620","Spf1_R2_Plate02",8,16,733,18,"MA-single"
166669238,"YDL006W","PTC1","","dma620","Spf1_R2_Plate02",8,16,735,19,"G1 phase"
166714423,"YCR102C","","","dma603","Spf1_R2_Plate02",6,6,501,13,"MA-single"
166714431,"YCR102C","","","dma603","Spf1_R2_Plate02",6,6,501,21,"G1 phase"
166714438,"YCR102C","","","dma603","Spf1_R2_Plate02",6,6,501,28,"MA-single"
166714447,"YCR102C","","","dma603","Spf1_R2_Plate02",6,6,501,37,"G1 phase"
166714467,"YCR102C","","","dma603","Spf1_R2_Plate02",6,6,501,57,"G1 phase"
166714470,"YCR102C","","","dma603","Spf1_R2_Plate02",6,6,501,60,"G1 phase"
166714509,"YCR102C","","","dma603","Spf1_R2_Plate02",6,6,501,101,"G1 phase"
166714523,"YCR102C","","","dma603","Spf1_R2_Plate02",6,6,501,116,"G1 phase"
166714606,"YCR102C","","","dma603","Spf1_R2_Plate02",6,6,504,5,"G1 phase"
166714614,"YCR102C","","","dma603","Spf1_R2_Plate02",6,6,504,14,"G1 phase"
166714618,"YCR102C","","","dma603","Spf1_R2_Plate02",6,6,504,18,"G1 phase"
166714623,"YCR102C","","","dma603","Spf1_R2_Plate02",6,6,504,23,"G1 phase"
166714624,"YCR102C","","","dma603","Spf1_R2_Plate02",6,6,504,25,"G1 phase"
166714637,"YCR102C","","","dma603","Spf1_R2_Plate02",6,6,504,38,"G1 phase"
166714644,"YCR102C","","","dma603","Spf1_R2_Plate02",6,6,504,45,"G1 phase"
166714646,"YCR102C","","","dma603","Spf1_R2_Plate02",6,6,504,47,"S/G2 phase"
166714682,"YCR102C","","","dma603","Spf1_R2_Plate02",6,6,504,84,"G1 phase"
166714716,"YCR102C","","","dma603","Spf1_R2_Plate02",6,6,504,120,"G1 phase"
166723879,"YDR414C","ERD1","","dma1135","Spf1_R2_Plate03",14,13,1299,16,"G1 phase"
166723901,"YDR414C","ERD1","","dma1135","Spf1_R2_Plate03",14,13,1300,17,"G1 phase"
166724614,"YDR284C","DPP1","","dma1041","Spf1_R2_Plate03",14,18,1317,82,"S/G2 phase"
166737012,"YDR198C","RKM2","","dma962","Spf1_R2_Plate03",2,4,109,44,"G1 phase"
166737111,"YDR198C","RKM2","","dma962","Spf1_R2_Plate03",2,4,110,29,"G1 phase"
166755992,"YDR359C","EAF1","","dma1102","Spf1_R2_Plate03",8,19,746,13,"S/G2 phase"
166756045,"YDR359C","EAF1","","dma1102","Spf1_R2_Plate03",8,19,748,21,"G1 phase"
166765918,"YDR388W","RVS167","","dma1128","Spf1_R2_Plate03",12,23,1146,11,"G1 phase"
166765970,"YDR388W","RVS167","","dma1128","Spf1_R2_Plate03",12,23,1148,19,"G1 phase"
166775961,"YDL194W","SNF3","","dma783","Spf1_R2_Plate03",3,6,213,2,"MA-single"
166775966,"YDL194W","SNF3","","dma783","Spf1_R2_Plate03",3,6,213,9,"MA-single"
166775976,"YDL194W","SNF3","","dma783","Spf1_R2_Plate03",3,6,214,3,"G1 phase"
166775996,"YDL194W","SNF3","","dma783","Spf1_R2_Plate03",3,6,215,12,"G1 phase"
166776001,"YDL194W","SNF3","","dma783","Spf1_R2_Plate03",3,6,216,5,"MA-single"
166821517,"YER167W","BCK2","","dma1459","Spf1_R2_Plate04",4,13,338,36,"S/G2 phase"
166828332,"YER155C","BEM2","","dma1444","Spf1_R2_Plate04",2,7,124,14,"G1 phase"
166834229,"YFR009W","GCN20","","dma1516","Spf1_R2_Plate04",14,7,1273,8,"G1 phase"
166834390,"YFR009W","GCN20","","dma1516","Spf1_R2_Plate04",14,7,1275,54,"G1 phase"
166854801,"YFL018C","LPD1","lpd1-supp1","dma1482","Spf1_R2_Plate04",8,11,713,22,"G1 phase"
166854811,"YFL018C","LPD1","lpd1-supp1","dma1482","Spf1_R2_Plate04",8,11,713,32,"G1 phase"
166854825,"YFL018C","LPD1","lpd1-supp1","dma1482","Spf1_R2_Plate04",8,11,714,5,"G1 phase"
166854835,"YFL018C","LPD1","lpd1-supp1","dma1482","Spf1_R2_Plate04",8,11,714,15,"G1 phase"
166854867,"YFL018C","LPD1","lpd1-supp1","dma1482","Spf1_R2_Plate04",8,11,715,11,"G1 phase"
166854873,"YFL018C","LPD1","lpd1-supp1","dma1482","Spf1_R2_Plate04",8,11,715,17,"G1 phase"
166854888,"YFL018C","LPD1","lpd1-supp1","dma1482","Spf1_R2_Plate04",8,11,715,32,"S/G2 phase"
166854910,"YFL018C","LPD1","lpd1-supp1","dma1482","Spf1_R2_Plate04",8,11,715,54,"G1 phase"
166854914,"YFL018C","LPD1","lpd1-supp1","dma1482","Spf1_R2_Plate04",8,11,715,58,"G1 phase"
166854927,"YFL018C","LPD1","lpd1-supp1","dma1482","Spf1_R2_Plate04",8,11,716,7,"G1 phase"
166854934,"YFL018C","LPD1","lpd1-supp1","dma1482","Spf1_R2_Plate04",8,11,716,14,"T phase"
166854935,"YFL018C","LPD1","lpd1-supp1","dma1482","Spf1_R2_Plate04",8,11,716,15,"T phase"
166856451,"YER162C","RAD4","","dma1463","Spf1_R2_Plate04",4,21,369,12,"G1 phase"
166856469,"YER162C","RAD4","","dma1463","Spf1_R2_Plate04",4,21,369,32,"G1 phase"
166856487,"YER162C","RAD4","","dma1463","Spf1_R2_Plate04",4,21,370,6,"G1 phase"
166856504,"YER162C","RAD4","","dma1463","Spf1_R2_Plate04",4,21,370,23,"G1 phase"
166894149,"YER120W","SCS2","","dma1408","Spf1_R2_Plate04",12,8,1087,2,"T phase"
166894155,"YER120W","SCS2","","dma1408","Spf1_R2_Plate04",12,8,1087,8,"T phase"
166894158,"YER120W","SCS2","","dma1408","Spf1_R2_Plate04",12,8,1088,3,"G1 phase"
166914996,"YER151C","UBP3","","dma1447","Spf1_R2_Plate04",2,13,147,8,"G1 phase"
166952706,"YGL163C","RAD54","","dma1715","Spf1_R2_Plate05",13,21,1236,17,"G1 phase"
166957674,"YGL115W","SNF4","","dma1678","Spf1_R2_Plate05",7,19,650,3,"MA-single"
166962985,"YGL250W","RMR1","rmr1-supp1","dma1772","Spf1_R2_Plate05",8,16,736,29,"MA-single"
166962997,"YGL250W","RMR1","rmr1-supp1","dma1772","Spf1_R2_Plate05",8,16,736,45,"G1 phase"
166978888,"YFR020W","","","dma1551","Spf1_R2_Plate05",3,6,214,4,"G1 phase"
167057981,"YHR037W","PUT2","","dma2106","Spf1_R2_Plate06",15,11,1386,5,"MA phase"
167082522,"YHR021C","RPS27B","","dma2095","Spf1_R2_Plate06",13,13,1202,14,"MA phase"
167085287,"YHR111W","UBA4","","dma2155","Spf1_R2_Plate06",8,14,725,15,"G1 phase"
167087466,"YIL008W","URM1","","dma2255","Spf1_R2_Plate06",8,21,754,9,"G1 phase"
167100442,"YHR004C","NEM1","","dma2082","Spf1_R2_Plate06",11,11,1002,4,"MA-single"
167100445,"YHR004C","NEM1","","dma2082","Spf1_R2_Plate06",11,11,1002,7,"G1 phase"
167100491,"YHR004C","NEM1","","dma2082","Spf1_R2_Plate06",11,11,1003,5,"G1 phase"
167100503,"YHR004C","NEM1","","dma2082","Spf1_R2_Plate06",11,11,1003,18,"MA-single"
167156770,"YJL188C","BUD19","","dma2578","Spf1_R2_Plate07",14,20,1328,62,"G1 phase"
167182287,"YJL099W","CHS6","","dma2502","Spf1_R2_Plate07",2,12,142,26,"T phase"
167182378,"YJL099W","CHS6","","dma2502","Spf1_R2_Plate07",2,12,143,35,"G1 phase"
167193288,"YIL112W","HOS4","","dma2363","Spf1_R2_Plate07",9,22,856,132,"S/G2 phase"
167217081,"YIL157C","COA1","","dma2380","Spf1_R2_Plate07",13,8,1183,54,"G1 phase"
167219611,"YJL057C","IKS1","","dma2480","Spf1_R2_Plate07",13,15,1209,33,"G1 phase"
167219622,"YJL057C","IKS1","","dma2480","Spf1_R2_Plate07",13,15,1209,44,"T phase"
167219675,"YJL057C","IKS1","","dma2480","Spf1_R2_Plate07",13,15,1210,15,"G1 phase"
167219676,"YJL057C","IKS1","","dma2480","Spf1_R2_Plate07",13,15,1210,16,"G1 phase"
167219709,"YJL057C","IKS1","","dma2480","Spf1_R2_Plate07",13,15,1210,49,"G1 phase"
167219776,"YJL057C","IKS1","","dma2480","Spf1_R2_Plate07",13,15,1211,26,"G1 phase"
167219785,"YJL057C","IKS1","","dma2480","Spf1_R2_Plate07",13,15,1211,35,"G1 phase"
167219794,"YJL057C","IKS1","","dma2480","Spf1_R2_Plate07",13,15,1211,44,"G1 phase"
167219799,"YJL057C","IKS1","","dma2480","Spf1_R2_Plate07",13,15,1211,49,"G1 phase"
167219800,"YJL057C","IKS1","","dma2480","Spf1_R2_Plate07",13,15,1211,50,"G1 phase"
167219811,"YJL057C","IKS1","","dma2480","Spf1_R2_Plate07",13,15,1211,61,"S/G2 phase"
167219817,"YJL057C","IKS1","","dma2480","Spf1_R2_Plate07",13,15,1211,67,"G1 phase"
167219842,"YJL057C","IKS1","","dma2480","Spf1_R2_Plate07",13,15,1212,18,"G1 phase"
167219844,"YJL057C","IKS1","","dma2480","Spf1_R2_Plate07",13,15,1212,20,"T phase"
167219849,"YJL057C","IKS1","","dma2480","Spf1_R2_Plate07",13,15,1212,25,"G1 phase"
167219851,"YJL057C","IKS1","","dma2480","Spf1_R2_Plate07",13,15,1212,27,"G1 phase"
167219856,"YJL057C","IKS1","","dma2480","Spf1_R2_Plate07",13,15,1212,32,"G1 phase"
167219859,"YJL057C","IKS1","","dma2480","Spf1_R2_Plate07",13,15,1212,36,"G1 phase"
167219860,"YJL057C","IKS1","","dma2480","Spf1_R2_Plate07",13,15,1212,37,"S/G2 phase"
167219867,"YJL057C","IKS1","","dma2480","Spf1_R2_Plate07",13,15,1212,44,"G1 phase"
167248319,"YJL175W","","","dma2564","Spf1_R2_Plate07",12,16,1118,11,"G1 phase"
167248321,"YJL175W","","","dma2564","Spf1_R2_Plate07",12,16,1118,13,"G1 phase"
167248357,"YJL175W","","","dma2564","Spf1_R2_Plate07",12,16,1119,8,"MA-single"
167248592,"YJR077C","MIR1","","dma2661","Spf1_R2_Plate07",12,17,1123,14,"MA phase"
167250875,"YIL072W","HOP1","","dma2320","Spf1_R2_Plate07",3,8,224,19,"S/G2 phase"
167250895,"YIL072W","HOP1","","dma2320","Spf1_R2_Plate07",3,8,224,39,"G1 phase"
167262973,"YJL095W","BCK1","","dma2504","Spf1_R2_Plate07",2,16,157,19,"G1 phase"
167263021,"YJL095W","BCK1","","dma2504","Spf1_R2_Plate07",2,16,159,8,"G1 phase"
167263024,"YJL095W","BCK1","","dma2504","Spf1_R2_Plate07",2,16,159,11,"G1 phase"
167263031,"YJL095W","BCK1","","dma2504","Spf1_R2_Plate07",2,16,159,18,"S/G2 phase"
167263043,"YJL095W","BCK1","","dma2504","Spf1_R2_Plate07",2,16,160,5,"MA-single"
167263048,"YJL095W","BCK1","","dma2504","Spf1_R2_Plate07",2,16,160,11,"MA phase"
167263050,"YJL095W","BCK1","","dma2504","Spf1_R2_Plate07",2,16,160,13,"G1 phase"
167263059,"YJL095W","BCK1","","dma2504","Spf1_R2_Plate07",2,16,160,22,"G1 phase"
167268294,"YIL084C","SDS3","","dma2337","Spf1_R2_Plate07",5,18,454,20,"MA-single"
167268296,"YIL084C","SDS3","","dma2337","Spf1_R2_Plate07",5,18,454,22,"MA phase"
167269255,"YIR023W","DAL81","","dma2435","Spf1_R2_Plate07",5,21,465,5,"G1 phase"
167269421,"YIR023W","DAL81","","dma2435","Spf1_R2_Plate07",5,21,465,173,"T phase"
167269441,"YIR023W","DAL81","","dma2435","Spf1_R2_Plate07",5,21,465,193,"G1 phase"
167269555,"YIR023W","DAL81","","dma2435","Spf1_R2_Plate07",5,21,466,117,"G1 phase"
167269662,"YIR023W","DAL81","","dma2435","Spf1_R2_Plate07",5,21,467,64,"G1 phase"
167269682,"YIR023W","DAL81","","dma2435","Spf1_R2_Plate07",5,21,467,85,"G1 phase"
167269689,"YIR023W","DAL81","","dma2435","Spf1_R2_Plate07",5,21,467,93,"T phase"
167269798,"YIR023W","DAL81","","dma2435","Spf1_R2_Plate07",5,21,468,30,"G1 phase"
167287206,"YLL023C","POM33","","dma3041","Spf1_R2_Plate08",12,9,1063,3,"G1 phase"
167293701,"YKR059W","TIF1","","dma2978","Spf1_R2_Plate08",2,3,105,18,"G1 phase"
167293742,"YKR059W","TIF1","","dma2978","Spf1_R2_Plate08",2,3,105,61,"G1 phase"
167293744,"YKR059W","TIF1","","dma2978","Spf1_R2_Plate08",2,3,105,63,"S/G2 phase"
167293799,"YKR059W","TIF1","","dma2978","Spf1_R2_Plate08",2,3,106,38,"S/G2 phase"
167293804,"YKR059W","TIF1","","dma2978","Spf1_R2_Plate08",2,3,106,43,"G1 phase"
167293806,"YKR059W","TIF1","","dma2978","Spf1_R2_Plate08",2,3,106,45,"G1 phase"
167293810,"YKR059W","TIF1","","dma2978","Spf1_R2_Plate08",2,3,106,49,"G1 phase"
167293842,"YKR059W","TIF1","","dma2978","Spf1_R2_Plate08",2,3,106,81,"MA-single"
167293848,"YKR059W","TIF1","","dma2978","Spf1_R2_Plate08",2,3,106,88,"T phase"
167295328,"YLL043W","FPS1","","dma3052","Spf1_R2_Plate08",14,7,1242,18,"G1 phase"
167299217,"YKL113C","RAD27","","dma2839","Spf1_R2_Plate08",9,13,798,10,"S/G2 phase"
167313269,"YKL149C","DBR1","","dma2861","Spf1_R2_Plate08",13,9,1153,16,"G1 phase"
167313272,"YKL149C","DBR1","","dma2861","Spf1_R2_Plate08",13,9,1153,19,"MA-single"
167314613,"YKL032C","IXR1","","dma2770","Spf1_R2_Plate08",13,20,1197,5,"G1 phase"
167315526,"YKR048C","NAP1","","dma2953","Spf1_R2_Plate08",14,2,1221,9,"G1 phase"
167315822,"YKR048C","NAP1","","dma2953","Spf1_R2_Plate08",14,2,1223,115,"G1 phase"
167327162,"YKL041W","VPS24","","dma2763","Spf1_R2_Plate08",13,6,1141,6,"S/G2 phase"
167327168,"YKL041W","VPS24","","dma2763","Spf1_R2_Plate08",13,6,1141,12,"G1 phase"
167327552,"YKL069W","","","dma2802","Spf1_R2_Plate08",3,11,226,9,"G1 phase"
167330544,"YJR117W","STE24","","dma2701","Spf1_R2_Plate08",3,2,188,49,"S/G2 phase"
167330583,"YJR117W","STE24","","dma2701","Spf1_R2_Plate08",3,2,188,88,"G1 phase"
167330586,"YJR117W","STE24","","dma2701","Spf1_R2_Plate08",3,2,188,91,"MA-single"
167331536,"YKL073W","LHS1","lhs1-supp1","dma2798","Spf1_R2_Plate08",3,3,194,7,"G1 phase"
167331566,"YKL073W","LHS1","lhs1-supp1","dma2798","Spf1_R2_Plate08",3,3,194,37,"G1 phase"
167333412,"YJR118C","ILM1","","dma2723","Spf1_R2_Plate08",5,22,463,41,"G1 phase"
167336946,"YLR021W","IRC25","","dma3110","Spf1_R2_Plate09",7,4,590,7,"G1 phase"
167337037,"YLR021W","IRC25","","dma3110","Spf1_R2_Plate09",7,4,592,15,"S/G2 phase"
167344520,"YLR242C","ARV1","arv1-supp1","dma3294","Spf1_R2_Plate09",6,12,525,26,"MA-single"
167344580,"YLR242C","ARV1","arv1-supp1","dma3294","Spf1_R2_Plate09",6,12,525,86,"G1 phase"
167344596,"YLR242C","ARV1","arv1-supp1","dma3294","Spf1_R2_Plate09",6,12,525,102,"G1 phase"
167346551,"YLR239C","LIP2","","dma3296","Spf1_R2_Plate09",6,16,542,4,"G1 phase"
167346553,"YLR239C","LIP2","","dma3296","Spf1_R2_Plate09",6,16,542,6,"G1 phase"
167346564,"YLR239C","LIP2","","dma3296","Spf1_R2_Plate09",6,16,543,5,"G1 phase"
167371902,"YLR386W","VAC14","","dma3411","Spf1_R2_Plate09",10,5,883,21,"G1 phase"
167371917,"YLR386W","VAC14","","dma3411","Spf1_R2_Plate09",10,5,884,8,"G1 phase"
167371919,"YLR386W","VAC14","","dma3411","Spf1_R2_Plate09",10,5,884,10,"G1 phase"
167402695,"YLR024C","UBR2","","dma3131","Spf1_R2_Plate09",9,22,854,91,"T phase"
167402792,"YLR024C","UBR2","","dma3131","Spf1_R2_Plate09",9,22,856,27,"MA-single"
167405027,"YLR079W","SIC1","","dma3163","Spf1_R2_Plate09",15,14,1400,7,"G1 phase"
167427343,"YLR061W","RPL22A","","dma3149","Spf1_R2_Plate09",13,10,1189,2,"G1 phase"
167434194,"YLR039C","RIC1","","dma3121","Spf1_R2_Plate09",9,2,774,29,"G1 phase"
167497183,"YLR357W","RSC2","","dma3387","Spf1_R2_Plate09",6,5,497,19,"G1 phase"
167502024,"YMR078C","CTF18","","dma3676","Spf1_R2_Plate10",6,8,510,36,"G1 phase"
167505573,"YMR070W","MOT3","","dma3680","Spf1_R2_Plate10",6,16,544,14,"G1 phase"
167527752,"YMR202W","ERG2","","dma3797","Spf1_R2_Plate10",10,9,897,25,"MA-single"
167527815,"YMR202W","ERG2","","dma3797","Spf1_R2_Plate10",10,9,899,10,"G1 phase"
167532214,"YMR060C","SAM37","","dma3662","Spf1_R2_Plate10",4,4,304,6,"S/G2 phase"
167556592,"YMR019W","STB4","","dma3648","Spf1_R2_Plate10",15,23,1433,13,"G1 phase"
167556595,"YMR019W","STB4","","dma3648","Spf1_R2_Plate10",15,23,1433,17,"G1 phase"
167556631,"YMR019W","STB4","","dma3648","Spf1_R2_Plate10",15,23,1434,6,"G1 phase"
167556636,"YMR019W","STB4","","dma3648","Spf1_R2_Plate10",15,23,1434,11,"G1 phase"
167556639,"YMR019W","STB4","","dma3648","Spf1_R2_Plate10",15,23,1434,14,"G1 phase"
167556640,"YMR019W","STB4","","dma3648","Spf1_R2_Plate10",15,23,1434,15,"G1 phase"
167556653,"YMR019W","STB4","","dma3648","Spf1_R2_Plate10",15,23,1434,29,"G1 phase"
167556666,"YMR019W","STB4","","dma3648","Spf1_R2_Plate10",15,23,1434,44,"G1 phase"
167556677,"YMR019W","STB4","","dma3648","Spf1_R2_Plate10",15,23,1434,55,"G1 phase"
167556721,"YMR019W","STB4","","dma3648","Spf1_R2_Plate10",15,23,1435,11,"G1 phase"
167556743,"YMR019W","STB4","","dma3648","Spf1_R2_Plate10",15,23,1435,33,"G1 phase"
167556746,"YMR019W","STB4","","dma3648","Spf1_R2_Plate10",15,23,1435,36,"G1 phase"
167556747,"YMR019W","STB4","","dma3648","Spf1_R2_Plate10",15,23,1435,37,"G1 phase"
167556750,"YMR019W","STB4","","dma3648","Spf1_R2_Plate10",15,23,1435,40,"G1 phase"
167556811,"YMR019W","STB4","","dma3648","Spf1_R2_Plate10",15,23,1436,17,"G1 phase"
167556814,"YMR019W","STB4","","dma3648","Spf1_R2_Plate10",15,23,1436,20,"G1 phase"
167556821,"YMR019W","STB4","","dma3648","Spf1_R2_Plate10",15,23,1436,27,"S/G2 phase"
167556824,"YMR019W","STB4","","dma3648","Spf1_R2_Plate10",15,23,1436,30,"T phase"
167556832,"YMR019W","STB4","","dma3648","Spf1_R2_Plate10",15,23,1436,39,"G1 phase"
167588661,"YML012C-A","","","dma3522","Spf1_R2_Plate10",11,12,1008,7,"G1 phase"
167600393,"YLR425W","TUS1","","dma3472","Spf1_R2_Plate10",3,8,223,22,"S/G2 phase"
167637639,"YNL171C","","ynl171c-supp1","dma4064","Spf1_R2_Plate11",6,16,542,4,"MA phase"
167655266,"YNL325C","FIG4","","dma4182","Spf1_R2_Plate11",10,11,901,55,"G1 phase"
167655418,"YNL325C","FIG4","","dma4182","Spf1_R2_Plate11",10,11,903,81,"S/G2 phase"
167655610,"YNL324W","","","dma4183","Spf1_R2_Plate11",10,13,909,9,"G1 phase"
167655643,"YNL324W","","","dma4183","Spf1_R2_Plate11",10,13,910,18,"S/G2 phase"
167655709,"YNL324W","","","dma4183","Spf1_R2_Plate11",10,13,911,55,"S/G2 phase"
167655711,"YNL324W","","","dma4183","Spf1_R2_Plate11",10,13,911,57,"G1 phase"
167673301,"YNL097C","PHO23","","dma4020","Spf1_R2_Plate11",13,23,1236,18,"MA phase"
167673302,"YNL097C","PHO23","","dma4020","Spf1_R2_Plate11",13,23,1236,19,"G1 phase"
167790452,"YOR070C","GYP1","","dma4499","Spf1_R2_Plate12",14,22,1334,4,"G1 phase"
167790489,"YOR070C","GYP1","","dma4499","Spf1_R2_Plate12",14,22,1335,22,"G1 phase"
167836603,"YNR051C","BRE5","","dma4271","Spf1_R2_Plate12",7,22,663,6,"G1 phase"
167913398,"YOR358W","HAP5","","dma4744","Spf1_R2_Plate13",7,7,601,4,"G1 phase"
167913408,"YOR358W","HAP5","","dma4744","Spf1_R2_Plate13",7,7,601,14,"G1 phase"
167913414,"YOR358W","HAP5","","dma4744","Spf1_R2_Plate13",7,7,601,20,"G1 phase"
167913426,"YOR358W","HAP5","","dma4744","Spf1_R2_Plate13",7,7,601,32,"G1 phase"
167913456,"YOR358W","HAP5","","dma4744","Spf1_R2_Plate13",7,7,602,5,"G1 phase"
167913480,"YOR358W","HAP5","","dma4744","Spf1_R2_Plate13",7,7,602,30,"G1 phase"
167913487,"YOR358W","HAP5","","dma4744","Spf1_R2_Plate13",7,7,602,37,"G1 phase"
167913489,"YOR358W","HAP5","","dma4744","Spf1_R2_Plate13",7,7,602,39,"G1 phase"
167913501,"YOR358W","HAP5","","dma4744","Spf1_R2_Plate13",7,7,602,51,"G1 phase"
167913548,"YOR358W","HAP5","","dma4744","Spf1_R2_Plate13",7,7,603,39,"G1 phase"
167913552,"YOR358W","HAP5","","dma4744","Spf1_R2_Plate13",7,7,603,43,"G1 phase"
167913553,"YOR358W","HAP5","","dma4744","Spf1_R2_Plate13",7,7,603,44,"G1 phase"
167913583,"YOR358W","HAP5","","dma4744","Spf1_R2_Plate13",7,7,604,7,"G1 phase"
167964670,"YPL102C","","","dma4842","Spf1_R2_Plate13",8,12,717,30,"G1 phase"
167964695,"YPL102C","","","dma4842","Spf1_R2_Plate13",8,12,718,22,"T phase"
167964821,"YPL174C","NIP100","","dma4918","Spf1_R2_Plate13",4,19,361,16,"T phase"
167972190,"YPL022W","RAD1","","dma4782","Spf1_R2_Plate13",13,11,1194,25,"G1 phase"
167978822,"YPL213W","LEA1","","dma4955","Spf1_R2_Plate13",10,21,944,10,"G1 phase"
168010647,"YPL161C","BEM4","","dma4906","Spf1_R2_Plate13",2,19,171,23,"G1 phase"
168010649,"YPL161C","BEM4","","dma4906","Spf1_R2_Plate13",2,19,171,25,"S/G2 phase"
168010682,"YPL161C","BEM4","","dma4906","Spf1_R2_Plate13",2,19,171,58,"G1 phase"
168010811,"YPL161C","BEM4","","dma4906","Spf1_R2_Plate13",2,19,172,75,"G1 phase"
168011933,"YOR221C","MCT1","","dma4621","Spf1_R2_Plate13",3,2,200,8,"G1 phase"
168125462,"YPR120C","CLB5","","dma5102","Spf1_R2_Plate14",3,3,201,2,"G1 phase"
168125506,"YPR120C","CLB5","","dma5102","Spf1_R2_Plate14",3,3,202,9,"G1 phase"
168125997,"YPR119W","CLB2","","dma5103","Spf1_R2_Plate14",3,5,209,88,"G1 phase"
168126308,"YPR119W","CLB2","","dma5103","Spf1_R2_Plate14",3,5,212,78,"S/G2 phase"
168166052,"YBR106W","PHO88","","dma274","Spf1_R3_Plate01",14,20,1325,8,"G1 phase"
168166057,"YBR106W","PHO88","","dma274","Spf1_R3_Plate01",14,20,1325,14,"G1 phase"
168166058,"YBR106W","PHO88","","dma274","Spf1_R3_Plate01",14,20,1325,15,"G1 phase"
168166060,"YBR106W","PHO88","","dma274","Spf1_R3_Plate01",14,20,1325,17,"MA-single"
168166062,"YBR106W","PHO88","","dma274","Spf1_R3_Plate01",14,20,1325,19,"G1 phase"
168166064,"YBR106W","PHO88","","dma274","Spf1_R3_Plate01",14,20,1325,21,"G1 phase"
168166078,"YBR106W","PHO88","","dma274","Spf1_R3_Plate01",14,20,1325,38,"G1 phase"
168166087,"YBR106W","PHO88","","dma274","Spf1_R3_Plate01",14,20,1325,47,"G1 phase"
168166150,"YBR106W","PHO88","","dma274","Spf1_R3_Plate01",14,20,1326,28,"S/G2 phase"
168166157,"YBR106W","PHO88","","dma274","Spf1_R3_Plate01",14,20,1326,36,"G1 phase"
168166175,"YBR106W","PHO88","","dma274","Spf1_R3_Plate01",14,20,1326,55,"G1 phase"
168166192,"YBR106W","PHO88","","dma274","Spf1_R3_Plate01",14,20,1327,4,"G1 phase"
168166210,"YBR106W","PHO88","","dma274","Spf1_R3_Plate01",14,20,1327,23,"G1 phase"
168166214,"YBR106W","PHO88","","dma274","Spf1_R3_Plate01",14,20,1327,27,"G1 phase"
168166222,"YBR106W","PHO88","","dma274","Spf1_R3_Plate01",14,20,1327,35,"G1 phase"
168166224,"YBR106W","PHO88","","dma274","Spf1_R3_Plate01",14,20,1327,37,"G1 phase"
168166233,"YBR106W","PHO88","","dma274","Spf1_R3_Plate01",14,20,1327,46,"G1 phase"
168166241,"YBR106W","PHO88","","dma274","Spf1_R3_Plate01",14,20,1327,54,"G1 phase"
168166243,"YBR106W","PHO88","","dma274","Spf1_R3_Plate01",14,20,1327,57,"G1 phase"
168166246,"YBR106W","PHO88","","dma274","Spf1_R3_Plate01",14,20,1327,60,"G1 phase"
168166251,"YBR106W","PHO88","","dma274","Spf1_R3_Plate01",14,20,1327,65,"G1 phase"
168166255,"YBR106W","PHO88","","dma274","Spf1_R3_Plate01",14,20,1327,70,"G1 phase"
168166264,"YBR106W","PHO88","","dma274","Spf1_R3_Plate01",14,20,1327,79,"G1 phase"
168166266,"YBR106W","PHO88","","dma274","Spf1_R3_Plate01",14,20,1327,81,"G1 phase"
168166267,"YBR106W","PHO88","","dma274","Spf1_R3_Plate01",14,20,1327,82,"G1 phase"
168166268,"YBR106W","PHO88","","dma274","Spf1_R3_Plate01",14,20,1327,83,"G1 phase"
168166304,"YBR106W","PHO88","","dma274","Spf1_R3_Plate01",14,20,1328,13,"G1 phase"
168166314,"YBR106W","PHO88","","dma274","Spf1_R3_Plate01",14,20,1328,24,"G1 phase"
168166317,"YBR106W","PHO88","","dma274","Spf1_R3_Plate01",14,20,1328,27,"G1 phase"
168166321,"YBR106W","PHO88","","dma274","Spf1_R3_Plate01",14,20,1328,32,"G1 phase"
168166335,"YBR106W","PHO88","","dma274","Spf1_R3_Plate01",14,20,1328,48,"G1 phase"
168166344,"YBR106W","PHO88","","dma274","Spf1_R3_Plate01",14,20,1328,58,"G1 phase"
168166355,"YBR106W","PHO88","","dma274","Spf1_R3_Plate01",14,20,1328,71,"MA-single"
168166405,"YBR105C","VID24","","dma275","Spf1_R3_Plate01",14,22,1329,55,"MA phase"
168166604,"YBR105C","VID24","","dma275","Spf1_R3_Plate01",14,22,1330,87,"G1 phase"
168167071,"YBR105C","VID24","","dma275","Spf1_R3_Plate01",14,22,1332,18,"T phase"
168191922,"YBL096C","","","dma179","Spf1_R3_Plate01",13,21,1233,31,"T phase"
168191924,"YBL096C","","","dma179","Spf1_R3_Plate01",13,21,1234,7,"S/G2 phase"
168191972,"YBL096C","","","dma179","Spf1_R3_Plate01",13,21,1235,29,"G1 phase"
168191975,"YBL096C","","","dma179","Spf1_R3_Plate01",13,21,1235,32,"G1 phase"
168202385,"YBR010W","HHT1","","dma187","Spf1_R3_Plate01",15,13,1390,46,"MA-single"
168251522,"YAL011W","SWC3","","dma17","Spf1_R3_Plate01",3,10,229,4,"MA phase"
168280638,"YCL061C","MRC1","","dma522","Spf1_R3_Plate02",7,11,617,41,"MA phase"
168280805,"YCL061C","MRC1","","dma522","Spf1_R3_Plate02",7,11,619,44,"G1 phase"
168280809,"YCL061C","MRC1","","dma522","Spf1_R3_Plate02",7,11,619,48,"G1 phase"
168295129,"YCR090C","","","dma611","Spf1_R3_Plate02",6,22,565,15,"G1 phase"
168295131,"YCR090C","","","dma611","Spf1_R3_Plate02",6,22,565,17,"S/G2 phase"
168295138,"YCR090C","","","dma611","Spf1_R3_Plate02",6,22,565,26,"G1 phase"
168295145,"YCR090C","","","dma611","Spf1_R3_Plate02",6,22,565,33,"MA-single"
168295150,"YCR090C","","","dma611","Spf1_R3_Plate02",6,22,565,38,"G1 phase"
168295151,"YCR090C","","","dma611","Spf1_R3_Plate02",6,22,565,39,"G1 phase"
168295178,"YCR090C","","","dma611","Spf1_R3_Plate02",6,22,565,67,"G1 phase"
168295195,"YCR090C","","","dma611","Spf1_R3_Plate02",6,22,565,84,"MA-single"
168295207,"YCR090C","","","dma611","Spf1_R3_Plate02",6,22,565,96,"S/G2 phase"
168295209,"YCR090C","","","dma611","Spf1_R3_Plate02",6,22,565,98,"G1 phase"
168295214,"YCR090C","","","dma611","Spf1_R3_Plate02",6,22,565,103,"G1 phase"
168295251,"YCR090C","","","dma611","Spf1_R3_Plate02",6,22,565,141,"G1 phase"
168295270,"YCR090C","","","dma611","Spf1_R3_Plate02",6,22,565,160,"G1 phase"
168295271,"YCR090C","","","dma611","Spf1_R3_Plate02",6,22,565,161,"G1 phase"
168295281,"YCR090C","","","dma611","Spf1_R3_Plate02",6,22,565,171,"S/G2 phase"
168295282,"YCR090C","","","dma611","Spf1_R3_Plate02",6,22,565,172,"G1 phase"
168295322,"YCR090C","","","dma611","Spf1_R3_Plate02",6,22,565,214,"G1 phase"
168295341,"YCR090C","","","dma611","Spf1_R3_Plate02",6,22,565,234,"G1 phase"
168295430,"YCR090C","","","dma611","Spf1_R3_Plate02",6,22,566,9,"G1 phase"
168295435,"YCR090C","","","dma611","Spf1_R3_Plate02",6,22,566,15,"G1 phase"
168295449,"YCR090C","","","dma611","Spf1_R3_Plate02",6,22,566,30,"G1 phase"
168295492,"YCR090C","","","dma611","Spf1_R3_Plate02",6,22,566,74,"G1 phase"
168295501,"YCR090C","","","dma611","Spf1_R3_Plate02",6,22,566,83,"G1 phase"
168295503,"YCR090C","","","dma611","Spf1_R3_Plate02",6,22,566,85,"G1 phase"
168295510,"YCR090C","","","dma611","Spf1_R3_Plate02",6,22,566,92,"G1 phase"
168295511,"YCR090C","","","dma611","Spf1_R3_Plate02",6,22,566,93,"G1 phase"
168295532,"YCR090C","","","dma611","Spf1_R3_Plate02",6,22,566,114,"MA-single"
168295561,"YCR090C","","","dma611","Spf1_R3_Plate02",6,22,566,144,"G1 phase"
168295759,"YCR090C","","","dma611","Spf1_R3_Plate02",6,22,568,29,"G1 phase"
168295771,"YCR090C","","","dma611","Spf1_R3_Plate02",6,22,568,42,"G1 phase"
168295780,"YCR090C","","","dma611","Spf1_R3_Plate02",6,22,568,51,"MA-single"
168295809,"YCR090C","","","dma611","Spf1_R3_Plate02",6,22,568,81,"G1 phase"
168295815,"YCR090C","","","dma611","Spf1_R3_Plate02",6,22,568,87,"G1 phase"
168295817,"YCR090C","","","dma611","Spf1_R3_Plate02",6,22,568,89,"MA-single"
168295819,"YCR090C","","","dma611","Spf1_R3_Plate02",6,22,568,91,"G1 phase"
168295827,"YCR090C","","","dma611","Spf1_R3_Plate02",6,22,568,99,"G1 phase"
168295830,"YCR090C","","","dma611","Spf1_R3_Plate02",6,22,568,102,"MA-single"
168295839,"YCR090C","","","dma611","Spf1_R3_Plate02",6,22,568,111,"G1 phase"
168295861,"YCR090C","","","dma611","Spf1_R3_Plate02",6,22,568,133,"G1 phase"
168312587,"YDL035C","GPR1","","dma628","Spf1_R3_Plate02",10,8,893,13,"G1 phase"
168312589,"YDL035C","GPR1","","dma628","Spf1_R3_Plate02",10,8,893,15,"G1 phase"
168312591,"YDL035C","GPR1","","dma628","Spf1_R3_Plate02",10,8,893,17,"G1 phase"
168312592,"YDL035C","GPR1","","dma628","Spf1_R3_Plate02",10,8,893,18,"G1 phase"
168312597,"YDL035C","GPR1","","dma628","Spf1_R3_Plate02",10,8,893,25,"MA-single"
168312598,"YDL035C","GPR1","","dma628","Spf1_R3_Plate02",10,8,893,26,"G1 phase"
168312599,"YDL035C","GPR1","","dma628","Spf1_R3_Plate02",10,8,893,27,"G1 phase"
168312633,"YDL035C","GPR1","","dma628","Spf1_R3_Plate02",10,8,894,11,"MA-single"
168312635,"YDL035C","GPR1","","dma628","Spf1_R3_Plate02",10,8,894,13,"G1 phase"
168312656,"YDL035C","GPR1","","dma628","Spf1_R3_Plate02",10,8,895,4,"G1 phase"
168318139,"YDL106C","PHO2","","dma688","Spf1_R3_Plate02",4,7,315,3,"MA phase"
168318146,"YDL106C","PHO2","","dma688","Spf1_R3_Plate02",4,7,315,10,"T phase"
168318168,"YDL106C","PHO2","","dma688","Spf1_R3_Plate02",4,7,316,2,"MA-single"
168344885,"YCR044C","PER1","per1-supp1","dma575","Spf1_R3_Plate02",15,21,1426,45,"G1 phase"
168344947,"YCR044C","PER1","per1-supp1","dma575","Spf1_R3_Plate02",15,21,1427,5,"G1 phase"
168344955,"YCR044C","PER1","per1-supp1","dma575","Spf1_R3_Plate02",15,21,1427,13,"G1 phase"
168344995,"YCR044C","PER1","per1-supp1","dma575","Spf1_R3_Plate02",15,21,1427,54,"G1 phase"
168344996,"YCR044C","PER1","per1-supp1","dma575","Spf1_R3_Plate02",15,21,1427,55,"G1 phase"
168345027,"YCR044C","PER1","per1-supp1","dma575","Spf1_R3_Plate02",15,21,1427,86,"G1 phase"
168345055,"YCR044C","PER1","per1-supp1","dma575","Spf1_R3_Plate02",15,21,1428,14,"G1 phase"
168445440,"YDR284C","DPP1","","dma1041","Spf1_R3_Plate03",14,18,1317,16,"G1 phase"
168445456,"YDR284C","DPP1","","dma1041","Spf1_R3_Plate03",14,18,1317,32,"G1 phase"
168445535,"YDR284C","DPP1","","dma1041","Spf1_R3_Plate03",14,18,1319,8,"G1 phase"
168445576,"YDR284C","DPP1","","dma1041","Spf1_R3_Plate03",14,18,1320,4,"S/G2 phase"
168473969,"YDR186C","","","dma966","Spf1_R3_Plate03",2,12,141,5,"G1 phase"
168473986,"YDR186C","","","dma966","Spf1_R3_Plate03",2,12,141,22,"G1 phase"
168473991,"YDR186C","","","dma966","Spf1_R3_Plate03",2,12,141,27,"G1 phase"
168474007,"YDR186C","","","dma966","Spf1_R3_Plate03",2,12,142,15,"S/G2 phase"
168474019,"YDR186C","","","dma966","Spf1_R3_Plate03",2,12,142,27,"G1 phase"
168474040,"YDR186C","","","dma966","Spf1_R3_Plate03",2,12,143,3,"G1 phase"
168474050,"YDR186C","","","dma966","Spf1_R3_Plate03",2,12,143,13,"G1 phase"
168474067,"YDR186C","","","dma966","Spf1_R3_Plate03",2,12,144,11,"G1 phase"
168474075,"YDR186C","","","dma966","Spf1_R3_Plate03",2,12,144,19,"G1 phase"
168474077,"YDR186C","","","dma966","Spf1_R3_Plate03",2,12,144,21,"G1 phase"
168474083,"YDR186C","","","dma966","Spf1_R3_Plate03",2,12,144,27,"G1 phase"
168474136,"YDR150W","NUM1","","dma946","Spf1_R3_Plate03",13,19,1226,41,"G1 phase"
168474162,"YDR150W","NUM1","","dma946","Spf1_R3_Plate03",13,19,1227,20,"G1 phase"
168479847,"YDR125C","ECM18","","dma918","Spf1_R3_Plate03",9,11,812,11,"G1 phase"
168497785,"YDL215C","GDH2","","dma794","Spf1_R3_Plate03",5,4,398,53,"MA-single"
168497791,"YDL215C","GDH2","","dma794","Spf1_R3_Plate03",5,4,398,59,"G1 phase"
168517019,"YDR146C","SWI5","","dma927","Spf1_R3_Plate03",11,5,977,30,"G1 phase"
168517092,"YDR146C","SWI5","","dma927","Spf1_R3_Plate03",11,5,978,5,"G1 phase"
168517147,"YDR146C","SWI5","","dma927","Spf1_R3_Plate03",11,5,979,4,"G1 phase"
168517181,"YDR146C","SWI5","","dma927","Spf1_R3_Plate03",11,5,979,39,"G1 phase"
168517214,"YDR146C","SWI5","","dma927","Spf1_R3_Plate03",11,5,979,72,"G1 phase"
168517229,"YDR146C","SWI5","","dma927","Spf1_R3_Plate03",11,5,980,9,"MA-single"
168517230,"YDR146C","SWI5","","dma927","Spf1_R3_Plate03",11,5,980,10,"G1 phase"
168517259,"YDR146C","SWI5","","dma927","Spf1_R3_Plate03",11,5,980,39,"G1 phase"
168517263,"YDR146C","SWI5","","dma927","Spf1_R3_Plate03",11,5,980,43,"G1 phase"
168517264,"YDR146C","SWI5","","dma927","Spf1_R3_Plate03",11,5,980,44,"G1 phase"
168517279,"YDR146C","SWI5","","dma927","Spf1_R3_Plate03",11,5,980,60,"G1 phase"
168526195,"YDR266C","HEL2","","dma1030","Spf1_R3_Plate03",12,20,1135,25,"G1 phase"
168557523,"YDR469W","SDC1","","dma1195","Spf1_R3_Plate04",7,14,631,30,"G1 phase"
168595482,"YER111C","SWI4","","dma1394","Spf1_R3_Plate04",10,4,880,35,"G1 phase"
168605445,"YER167W","BCK2","","dma1459","Spf1_R3_Plate04",4,13,337,32,"G1 phase"
168605491,"YER167W","BCK2","","dma1459","Spf1_R3_Plate04",4,13,338,5,"G1 phase"
168637838,"YER161C","SPT2","","dma1464","Spf1_R3_Plate04",4,23,380,57,"S/G2 phase"
168642150,"YDR455C","","","dma1179","Spf1_R3_Plate04",5,6,405,22,"G1 phase"
168642211,"YDR455C","","","dma1179","Spf1_R3_Plate04",5,6,408,6,"MA-single"
168661515,"YFL025C","BST1","","dma1500","Spf1_R3_Plate04",10,23,954,29,"G1 phase"
168661657,"YFL025C","BST1","","dma1500","Spf1_R3_Plate04",10,23,955,60,"G1 phase"
168661707,"YFL025C","BST1","","dma1500","Spf1_R3_Plate04",10,23,955,111,"G1 phase"
168676779,"YER119C-A","","","dma1409","Spf1_R3_Plate04",12,10,1093,7,"T phase"
168721649,"YGL127C","SOH1","","dma1671","Spf1_R3_Plate05",7,5,593,13,"G1 phase"
168721654,"YGL127C","SOH1","","dma1671","Spf1_R3_Plate05",7,5,594,4,"G1 phase"
168721663,"YGL127C","SOH1","","dma1671","Spf1_R3_Plate05",7,5,594,14,"G1 phase"
168721680,"YGL127C","SOH1","","dma1671","Spf1_R3_Plate05",7,5,595,13,"G1 phase"
168721681,"YGL127C","SOH1","","dma1671","Spf1_R3_Plate05",7,5,595,14,"G1 phase"
168721682,"YGL127C","SOH1","","dma1671","Spf1_R3_Plate05",7,5,595,15,"G1 phase"
168721699,"YGL127C","SOH1","","dma1671","Spf1_R3_Plate05",7,5,595,33,"G1 phase"
168721706,"YGL127C","SOH1","","dma1671","Spf1_R3_Plate05",7,5,596,3,"G1 phase"
168721707,"YGL127C","SOH1","","dma1671","Spf1_R3_Plate05",7,5,596,4,"G1 phase"
168721708,"YGL127C","SOH1","","dma1671","Spf1_R3_Plate05",7,5,596,5,"G1 phase"
168721717,"YGL127C","SOH1","","dma1671","Spf1_R3_Plate05",7,5,596,14,"G1 phase"
168721719,"YGL127C","SOH1","","dma1671","Spf1_R3_Plate05",7,5,596,16,"S/G2 phase"
168721720,"YGL127C","SOH1","","dma1671","Spf1_R3_Plate05",7,5,596,17,"G1 phase"
168761856,"YGL163C","RAD54","","dma1715","Spf1_R3_Plate05",13,21,1233,6,"G1 phase"
168761898,"YGL163C","RAD54","","dma1715","Spf1_R3_Plate05",13,21,1234,26,"G1 phase"
168770596,"YGL136C","MRM2","","dma1690","Spf1_R3_Plate05",9,19,843,2,"MA phase"
168773569,"YGL194C","HOS2","","dma1723","Spf1_R3_Plate05",15,13,1396,26,"G1 phase"
168792255,"YGR105W","VMA21","","dma1867","Spf1_R3_Plate05",8,13,723,3,"G1 phase"
168792258,"YGR105W","VMA21","","dma1867","Spf1_R3_Plate05",8,13,723,6,"G1 phase"
168809519,"YGR135W","PRE9","","dma1892","Spf1_R3_Plate05",12,15,1113,16,"G1 phase"
168809537,"YGR135W","PRE9","","dma1892","Spf1_R3_Plate05",12,15,1113,35,"MA phase"
168827194,"YFR020W","","","dma1551","Spf1_R3_Plate05",3,6,213,28,"G1 phase"
168833544,"YGR092W","DBF2","","dma1850","Spf1_R3_Plate05",6,3,489,18,"MA-single"
168835903,"YHL031C","GOS1","gos1-supp1","dma2054","Spf1_R3_Plate06",7,3,588,7,"G1 phase"
168837678,"YHL025W","SNF6","","dma2060","Spf1_R3_Plate06",7,15,636,3,"G1 phase"
168870998,"YHR021C","RPS27B","","dma2095","Spf1_R3_Plate06",13,13,1203,6,"G1 phase"
168872163,"YHR111W","UBA4","","dma2155","Spf1_R3_Plate06",8,14,727,5,"G1 phase"
168877786,"YHR004C","NEM1","","dma2082","Spf1_R3_Plate06",11,11,1004,3,"G1 phase"
168877794,"YHR004C","NEM1","","dma2082","Spf1_R3_Plate06",11,11,1004,11,"S/G2 phase"
168882833,"YIL040W","APQ12","","dma2275","Spf1_R3_Plate06",12,13,1105,5,"G1 phase"
168882836,"YIL040W","APQ12","","dma2275","Spf1_R3_Plate06",12,13,1105,8,"T phase"
168911177,"YJL036W","SNX4","","dma2471","Spf1_R3_Plate07",11,21,1041,3,"G1 phase"
168911178,"YJL036W","SNX4","","dma2471","Spf1_R3_Plate07",11,21,1041,4,"G1 phase"
168911183,"YJL036W","SNX4","","dma2471","Spf1_R3_Plate07",11,21,1041,9,"S/G2 phase"
168911196,"YJL036W","SNX4","","dma2471","Spf1_R3_Plate07",11,21,1042,12,"G1 phase"
168911197,"YJL036W","SNX4","","dma2471","Spf1_R3_Plate07",11,21,1042,13,"G1 phase"
168911223,"YJL036W","SNX4","","dma2471","Spf1_R3_Plate07",11,21,1044,3,"G1 phase"
168911231,"YJL036W","SNX4","","dma2471","Spf1_R3_Plate07",11,21,1044,11,"G1 phase"
168920842,"YJL099W","CHS6","","dma2502","Spf1_R3_Plate07",2,12,143,2,"G1 phase"
168940907,"YIL157C","COA1","","dma2380","Spf1_R3_Plate07",13,8,1182,5,"G1 phase"
168951344,"YJL047C","RTT101","","dma2463","Spf1_R3_Plate07",11,5,978,21,"G1 phase"
168951404,"YJL047C","RTT101","","dma2463","Spf1_R3_Plate07",11,5,980,4,"G1 phase"
168951421,"YJL047C","RTT101","","dma2463","Spf1_R3_Plate07",11,5,980,21,"G1 phase"
168951424,"YJL047C","RTT101","","dma2463","Spf1_R3_Plate07",11,5,980,24,"G1 phase"
168951544,"YJL046W","AIM22","","dma2464","Spf1_R3_Plate07",11,7,988,2,"G1 phase"
168956321,"YJR077C","MIR1","","dma2661","Spf1_R3_Plate07",12,17,1123,4,"S/G2 phase"
168956326,"YJR077C","MIR1","","dma2661","Spf1_R3_Plate07",12,17,1123,9,"G1 phase"
168956574,"YJR075W","HOC1","","dma2662","Spf1_R3_Plate07",12,19,1129,20,"G1 phase"
168956578,"YJR075W","HOC1","","dma2662","Spf1_R3_Plate07",12,19,1129,24,"G1 phase"
168956584,"YJR075W","HOC1","","dma2662","Spf1_R3_Plate07",12,19,1129,31,"G1 phase"
168956600,"YJR075W","HOC1","","dma2662","Spf1_R3_Plate07",12,19,1129,49,"G1 phase"
168956661,"YJR075W","HOC1","","dma2662","Spf1_R3_Plate07",12,19,1130,38,"G1 phase"
168966827,"YJL095W","BCK1","","dma2504","Spf1_R3_Plate07",2,16,159,14,"G1 phase"
168970584,"YIL084C","SDS3","","dma2337","Spf1_R3_Plate07",5,18,456,18,"G1 phase"
168971684,"YIR023W","DAL81","","dma2435","Spf1_R3_Plate07",5,21,466,10,"G1 phase"
168971712,"YIR023W","DAL81","","dma2435","Spf1_R3_Plate07",5,21,466,38,"S/G2 phase"
168971724,"YIR023W","DAL81","","dma2435","Spf1_R3_Plate07",5,21,466,50,"G1 phase"
168971788,"YIR023W","DAL81","","dma2435","Spf1_R3_Plate07",5,21,468,35,"G1 phase"
168985164,"YKR082W","NUP133","","dma3009","Spf1_R3_Plate08",6,17,548,16,"T phase"
168985173,"YKR082W","NUP133","","dma3009","Spf1_R3_Plate08",6,17,548,25,"S/G2 phase"
168998723,"YKL124W","SSH4","","dma2854","Spf1_R3_Plate08",11,19,1033,20,"G1 phase"
168998804,"YKL124W","SSH4","","dma2854","Spf1_R3_Plate08",11,19,1033,101,"G1 phase"
168998827,"YKL124W","SSH4","","dma2854","Spf1_R3_Plate08",11,19,1033,125,"G1 phase"
168998886,"YKL124W","SSH4","","dma2854","Spf1_R3_Plate08",11,19,1033,186,"G1 phase"
168998937,"YKL124W","SSH4","","dma2854","Spf1_R3_Plate08",11,19,1033,238,"G1 phase"
168999071,"YKL124W","SSH4","","dma2854","Spf1_R3_Plate08",11,19,1033,374,"G1 phase"
168999146,"YKL124W","SSH4","","dma2854","Spf1_R3_Plate08",11,19,1033,450,"G1 phase"
168999164,"YKL124W","SSH4","","dma2854","Spf1_R3_Plate08",11,19,1033,468,"G1 phase"
168999193,"YKL124W","SSH4","","dma2854","Spf1_R3_Plate08",11,19,1033,497,"G1 phase"
168999297,"YKL124W","SSH4","","dma2854","Spf1_R3_Plate08",11,19,1033,602,"S/G2 phase"
168999442,"YKL124W","SSH4","","dma2854","Spf1_R3_Plate08",11,19,1034,109,"G1 phase"
168999559,"YKL124W","SSH4","","dma2854","Spf1_R3_Plate08",11,19,1034,227,"MA phase"
168999563,"YKL124W","SSH4","","dma2854","Spf1_R3_Plate08",11,19,1034,232,"G1 phase"
168999641,"YKL124W","SSH4","","dma2854","Spf1_R3_Plate08",11,19,1034,315,"G1 phase"
168999685,"YKL124W","SSH4","","dma2854","Spf1_R3_Plate08",11,19,1034,359,"MA-single"
168999719,"YKL124W","SSH4","","dma2854","Spf1_R3_Plate08",11,19,1034,393,"MA-single"
168999773,"YKL124W","SSH4","","dma2854","Spf1_R3_Plate08",11,19,1034,450,"G1 phase"
168999808,"YKL124W","SSH4","","dma2854","Spf1_R3_Plate08",11,19,1034,486,"G1 phase"
169000111,"YKL124W","SSH4","","dma2854","Spf1_R3_Plate08",11,19,1036,128,"MA-single"
169000117,"YKL124W","SSH4","","dma2854","Spf1_R3_Plate08",11,19,1036,134,"MA-single"
169000153,"YKL124W","SSH4","","dma2854","Spf1_R3_Plate08",11,19,1036,171,"MA-single"
169000173,"YKL124W","SSH4","","dma2854","Spf1_R3_Plate08",11,19,1036,191,"G1 phase"
169000192,"YKL124W","SSH4","","dma2854","Spf1_R3_Plate08",11,19,1036,212,"G1 phase"
169000221,"YKL124W","SSH4","","dma2854","Spf1_R3_Plate08",11,19,1036,242,"G1 phase"
169000242,"YKL124W","SSH4","","dma2854","Spf1_R3_Plate08",11,19,1036,264,"G1 phase"
169000594,"YKL124W","SSH4","","dma2854","Spf1_R3_Plate08",11,19,1036,621,"G1 phase"
169005085,"YKR024C","DBP7","","dma2929","Spf1_R3_Plate08",10,2,871,6,"S/G2 phase"
169014877,"YKL197C","PEX1","","dma2900","Spf1_R3_Plate08",4,16,352,22,"G1 phase"
169014914,"YKL197C","PEX1","","dma2900","Spf1_R3_Plate08",4,16,352,59,"T phase"
169020898,"YKR059W","TIF1","","dma2978","Spf1_R3_Plate08",2,3,108,10,"G1 phase"
169023204,"YKL032C","IXR1","","dma2770","Spf1_R3_Plate08",13,20,1228,13,"G1 phase"
169025373,"YKR048C","NAP1","","dma2953","Spf1_R3_Plate08",14,2,1252,20,"G1 phase"
169025413,"YKR048C","NAP1","","dma2953","Spf1_R3_Plate08",14,2,1252,61,"MA-single"
169025415,"YKR048C","NAP1","","dma2953","Spf1_R3_Plate08",14,2,1252,63,"MA-single"
169025440,"YKR048C","NAP1","","dma2953","Spf1_R3_Plate08",14,2,1253,3,"S/G2 phase"
169037704,"YKL048C","ELM1","","dma2781","Spf1_R3_Plate08",15,18,1413,4,"G1 phase"
169037705,"YKL048C","ELM1","","dma2781","Spf1_R3_Plate08",15,18,1413,6,"T phase"
169055555,"YKL041W","VPS24","","dma2763","Spf1_R3_Plate08",13,6,1172,9,"G1 phase"
169060560,"YKR001C","VPS1","","dma2924","Spf1_R3_Plate08",8,16,736,7,"MA-single"
169107857,"YJR117W","STE24","","dma2701","Spf1_R3_Plate08",3,2,197,33,"MA phase"
169107901,"YJR117W","STE24","","dma2701","Spf1_R3_Plate08",3,2,197,78,"G1 phase"
169108108,"YJR117W","STE24","","dma2701","Spf1_R3_Plate08",3,2,199,37,"G1 phase"
169108317,"YKL073W","LHS1","lhs1-supp1","dma2798","Spf1_R3_Plate08",3,3,201,14,"G1 phase"
169108342,"YKL073W","LHS1","lhs1-supp1","dma2798","Spf1_R3_Plate08",3,3,202,2,"MA-single"
169108408,"YKL073W","LHS1","lhs1-supp1","dma2798","Spf1_R3_Plate08",3,3,204,16,"G1 phase"
169111441,"YJR120W","","","dma2721","Spf1_R3_Plate08",5,18,453,31,"G1 phase"
169113316,"YJR118C","ILM1","","dma2723","Spf1_R3_Plate08",5,22,469,84,"G1 phase"
169113325,"YJR118C","ILM1","","dma2723","Spf1_R3_Plate08",5,22,469,93,"G1 phase"
169126568,"YLR242C","ARV1","arv1-supp1","dma3294","Spf1_R3_Plate09",6,12,521,65,"MA-single"
169126675,"YLR242C","ARV1","arv1-supp1","dma3294","Spf1_R3_Plate09",6,12,522,74,"G1 phase"
169126676,"YLR242C","ARV1","arv1-supp1","dma3294","Spf1_R3_Plate09",6,12,522,76,"MA-single"
169126738,"YLR242C","ARV1","arv1-supp1","dma3294","Spf1_R3_Plate09",6,12,523,42,"G1 phase"
169126745,"YLR242C","ARV1","arv1-supp1","dma3294","Spf1_R3_Plate09",6,12,523,49,"G1 phase"
169126746,"YLR242C","ARV1","arv1-supp1","dma3294","Spf1_R3_Plate09",6,12,523,50,"G1 phase"
169152956,"YLR386W","VAC14","","dma3411","Spf1_R3_Plate09",10,5,867,48,"S/G2 phase"
169164611,"YLR338W","OPI9","","dma3379","Spf1_R3_Plate09",4,13,339,4,"T phase"
169164988,"YLR337C","VRP1","","dma3380","Spf1_R3_Plate09",4,15,345,4,"G1 phase"
169187265,"YLR131C","ACE2","","dma3228","Spf1_R3_Plate09",9,23,843,9,"G1 phase"
169187270,"YLR131C","ACE2","","dma3228","Spf1_R3_Plate09",9,23,844,5,"MA-single"
169187273,"YLR131C","ACE2","","dma3228","Spf1_R3_Plate09",9,23,844,8,"S/G2 phase"
169204185,"YLR262C","YPT6","","dma3304","Spf1_R3_Plate09",8,8,696,10,"G1 phase"
169204242,"YLR262C","YPT6","","dma3304","Spf1_R3_Plate09",8,8,698,17,"G1 phase"
169218358,"YLR055C","SPT8","","dma3154","Spf1_R3_Plate09",13,20,1215,11,"G1 phase"
169218454,"YLR055C","SPT8","","dma3154","Spf1_R3_Plate09",13,20,1217,43,"MA-single"
169218501,"YLR055C","SPT8","","dma3154","Spf1_R3_Plate09",13,20,1218,16,"G1 phase"
169218502,"YLR055C","SPT8","","dma3154","Spf1_R3_Plate09",13,20,1218,17,"G1 phase"
169224199,"YLR039C","RIC1","","dma3121","Spf1_R3_Plate09",9,2,767,3,"G1 phase"
169224230,"YLR039C","RIC1","","dma3121","Spf1_R3_Plate09",9,2,768,32,"G1 phase"
169243151,"YLR286C","CTS1","","dma3331","Spf1_R3_Plate09",12,14,1095,78,"MA-single"
169243153,"YLR286C","CTS1","","dma3331","Spf1_R3_Plate09",12,14,1095,81,"MA-single"
169243160,"YLR286C","CTS1","","dma3331","Spf1_R3_Plate09",12,14,1095,89,"T phase"
169243199,"YLR286C","CTS1","","dma3331","Spf1_R3_Plate09",12,14,1095,132,"G1 phase"
169243228,"YLR286C","CTS1","","dma3331","Spf1_R3_Plate09",12,14,1096,30,"G1 phase"
169243233,"YLR286C","CTS1","","dma3331","Spf1_R3_Plate09",12,14,1096,35,"G1 phase"
169243255,"YLR286C","CTS1","","dma3331","Spf1_R3_Plate09",12,14,1096,57,"G1 phase"
169243334,"YLR286C","CTS1","","dma3331","Spf1_R3_Plate09",12,14,1097,46,"T phase"
169243501,"YLR286C","CTS1","","dma3331","Spf1_R3_Plate09",12,14,1098,95,"G1 phase"
169267980,"YLR320W","MMS22","","dma3369","Spf1_R3_Plate09",2,17,161,4,"MA phase"
169285864,"YLR357W","RSC2","","dma3387","Spf1_R3_Plate09",6,5,493,6,"G1 phase"
169285880,"YLR357W","RSC2","","dma3387","Spf1_R3_Plate09",6,5,494,6,"G1 phase"
169285883,"YLR357W","RSC2","","dma3387","Spf1_R3_Plate09",6,5,494,9,"G1 phase"
169285907,"YLR357W","RSC2","","dma3387","Spf1_R3_Plate09",6,5,495,11,"G1 phase"
169285926,"YLR357W","RSC2","","dma3387","Spf1_R3_Plate09",6,5,496,5,"G1 phase"
169285934,"YLR357W","RSC2","","dma3387","Spf1_R3_Plate09",6,5,496,13,"G1 phase"
169297581,"YMR070W","MOT3","","dma3680","Spf1_R3_Plate10",6,16,542,30,"T phase"
169297594,"YMR070W","MOT3","","dma3680","Spf1_R3_Plate10",6,16,542,46,"G1 phase"
169316621,"YMR202W","ERG2","","dma3797","Spf1_R3_Plate10",10,9,897,10,"T phase"
169316649,"YMR202W","ERG2","","dma3797","Spf1_R3_Plate10",10,9,898,7,"S/G2 phase"
169316657,"YMR202W","ERG2","","dma3797","Spf1_R3_Plate10",10,9,898,16,"G1 phase"
169320091,"YMR060C","SAM37","","dma3662","Spf1_R3_Plate10",4,4,302,2,"G1 phase"
169340292,"YML106W","URA5","","dma3610","Spf1_R3_Plate10",9,19,841,9,"G1 phase"
169340309,"YML106W","URA5","","dma3610","Spf1_R3_Plate10",9,19,842,3,"G1 phase"
169340312,"YML106W","URA5","","dma3610","Spf1_R3_Plate10",9,19,842,6,"S/G2 phase"
169340315,"YML106W","URA5","","dma3610","Spf1_R3_Plate10",9,19,842,9,"G1 phase"
169340316,"YML106W","URA5","","dma3610","Spf1_R3_Plate10",9,19,842,10,"G1 phase"
169340340,"YML106W","URA5","","dma3610","Spf1_R3_Plate10",9,19,843,4,"G1 phase"
169340343,"YML106W","URA5","","dma3610","Spf1_R3_Plate10",9,19,843,9,"G1 phase"
169340358,"YML106W","URA5","","dma3610","Spf1_R3_Plate10",9,19,843,26,"G1 phase"
169340361,"YML106W","URA5","","dma3610","Spf1_R3_Plate10",9,19,843,29,"G1 phase"
169340365,"YML106W","URA5","","dma3610","Spf1_R3_Plate10",9,19,844,2,"G1 phase"
169340369,"YML106W","URA5","","dma3610","Spf1_R3_Plate10",9,19,844,6,"S/G2 phase"
169340370,"YML106W","URA5","","dma3610","Spf1_R3_Plate10",9,19,844,7,"G1 phase"
169340376,"YML106W","URA5","","dma3610","Spf1_R3_Plate10",9,19,844,13,"G1 phase"
169340383,"YML106W","URA5","","dma3610","Spf1_R3_Plate10",9,19,844,21,"G1 phase"
169340385,"YML106W","URA5","","dma3610","Spf1_R3_Plate10",9,19,844,23,"G1 phase"
169340386,"YML106W","URA5","","dma3610","Spf1_R3_Plate10",9,19,844,24,"G1 phase"
169346225,"YMR019W","STB4","","dma3648","Spf1_R3_Plate10",15,23,1433,19,"G1 phase"
169346245,"YMR019W","STB4","","dma3648","Spf1_R3_Plate10",15,23,1433,42,"G1 phase"
169346246,"YMR019W","STB4","","dma3648","Spf1_R3_Plate10",15,23,1433,43,"MA phase"
169346250,"YMR019W","STB4","","dma3648","Spf1_R3_Plate10",15,23,1433,47,"G1 phase"
169346256,"YMR019W","STB4","","dma3648","Spf1_R3_Plate10",15,23,1433,53,"G1 phase"
169346257,"YMR019W","STB4","","dma3648","Spf1_R3_Plate10",15,23,1433,54,"T phase"
169346274,"YMR019W","STB4","","dma3648","Spf1_R3_Plate10",15,23,1433,75,"G1 phase"
169346307,"YMR019W","STB4","","dma3648","Spf1_R3_Plate10",15,23,1433,108,"T phase"
169346336,"YMR019W","STB4","","dma3648","Spf1_R3_Plate10",15,23,1433,138,"G1 phase"
169346362,"YMR019W","STB4","","dma3648","Spf1_R3_Plate10",15,23,1433,165,"G1 phase"
169346382,"YMR019W","STB4","","dma3648","Spf1_R3_Plate10",15,23,1434,14,"G1 phase"
169346404,"YMR019W","STB4","","dma3648","Spf1_R3_Plate10",15,23,1434,37,"G1 phase"
169346407,"YMR019W","STB4","","dma3648","Spf1_R3_Plate10",15,23,1434,41,"G1 phase"
169346414,"YMR019W","STB4","","dma3648","Spf1_R3_Plate10",15,23,1434,49,"MA-single"
169346418,"YMR019W","STB4","","dma3648","Spf1_R3_Plate10",15,23,1434,54,"G1 phase"
169346434,"YMR019W","STB4","","dma3648","Spf1_R3_Plate10",15,23,1434,71,"G1 phase"
169346436,"YMR019W","STB4","","dma3648","Spf1_R3_Plate10",15,23,1434,73,"G1 phase"
169346537,"YMR019W","STB4","","dma3648","Spf1_R3_Plate10",15,23,1435,2,"G1 phase"
169346540,"YMR019W","STB4","","dma3648","Spf1_R3_Plate10",15,23,1435,5,"G1 phase"
169346561,"YMR019W","STB4","","dma3648","Spf1_R3_Plate10",15,23,1435,28,"G1 phase"
169346582,"YMR019W","STB4","","dma3648","Spf1_R3_Plate10",15,23,1435,50,"MA-single"
169346588,"YMR019W","STB4","","dma3648","Spf1_R3_Plate10",15,23,1435,56,"G1 phase"
169346603,"YMR019W","STB4","","dma3648","Spf1_R3_Plate10",15,23,1435,71,"MA-single"
169346605,"YMR019W","STB4","","dma3648","Spf1_R3_Plate10",15,23,1435,73,"G1 phase"
169346609,"YMR019W","STB4","","dma3648","Spf1_R3_Plate10",15,23,1435,78,"G1 phase"
169346612,"YMR019W","STB4","","dma3648","Spf1_R3_Plate10",15,23,1435,81,"G1 phase"
169346618,"YMR019W","STB4","","dma3648","Spf1_R3_Plate10",15,23,1435,87,"G1 phase"
169346711,"YMR019W","STB4","","dma3648","Spf1_R3_Plate10",15,23,1436,17,"G1 phase"
169346717,"YMR019W","STB4","","dma3648","Spf1_R3_Plate10",15,23,1436,23,"MA-single"
169346719,"YMR019W","STB4","","dma3648","Spf1_R3_Plate10",15,23,1436,25,"G1 phase"
169346731,"YMR019W","STB4","","dma3648","Spf1_R3_Plate10",15,23,1436,37,"G1 phase"
169346732,"YMR019W","STB4","","dma3648","Spf1_R3_Plate10",15,23,1436,38,"MA-single"
169346747,"YMR019W","STB4","","dma3648","Spf1_R3_Plate10",15,23,1436,53,"G1 phase"
169346765,"YMR019W","STB4","","dma3648","Spf1_R3_Plate10",15,23,1436,71,"G1 phase"
169346770,"YMR019W","STB4","","dma3648","Spf1_R3_Plate10",15,23,1436,76,"G1 phase"
169346793,"YMR019W","STB4","","dma3648","Spf1_R3_Plate10",15,23,1436,100,"G1 phase"
169346797,"YMR019W","STB4","","dma3648","Spf1_R3_Plate10",15,23,1436,104,"G1 phase"
169346849,"YMR019W","STB4","","dma3648","Spf1_R3_Plate10",15,23,1436,157,"G1 phase"
169346853,"YMR019W","STB4","","dma3648","Spf1_R3_Plate10",15,23,1436,161,"G1 phase"
169346877,"YMR019W","STB4","","dma3648","Spf1_R3_Plate10",15,23,1436,187,"MA-single"
169383983,"YML012C-A","","","dma3522","Spf1_R3_Plate10",11,12,1005,7,"G1 phase"
169383984,"YML012C-A","","","dma3522","Spf1_R3_Plate10",11,12,1005,8,"G1 phase"
169383988,"YML012C-A","","","dma3522","Spf1_R3_Plate10",11,12,1005,12,"G1 phase"
169383991,"YML012C-A","","","dma3522","Spf1_R3_Plate10",11,12,1005,15,"G1 phase"
169383994,"YML012C-A","","","dma3522","Spf1_R3_Plate10",11,12,1005,18,"G1 phase"
169384009,"YML012C-A","","","dma3522","Spf1_R3_Plate10",11,12,1005,33,"G1 phase"
169384026,"YML012C-A","","","dma3522","Spf1_R3_Plate10",11,12,1006,5,"G1 phase"
169384029,"YML012C-A","","","dma3522","Spf1_R3_Plate10",11,12,1006,8,"G1 phase"
169384051,"YML012C-A","","","dma3522","Spf1_R3_Plate10",11,12,1007,11,"MA-single"
169384055,"YML012C-A","","","dma3522","Spf1_R3_Plate10",11,12,1007,15,"G1 phase"
169384061,"YML012C-A","","","dma3522","Spf1_R3_Plate10",11,12,1007,21,"MA-single"
169384074,"YML012C-A","","","dma3522","Spf1_R3_Plate10",11,12,1007,34,"G1 phase"
169384075,"YML012C-A","","","dma3522","Spf1_R3_Plate10",11,12,1007,35,"S/G2 phase"
169384088,"YML012C-A","","","dma3522","Spf1_R3_Plate10",11,12,1007,49,"G1 phase"
169384095,"YML012C-A","","","dma3522","Spf1_R3_Plate10",11,12,1008,2,"G1 phase"
169384098,"YML012C-A","","","dma3522","Spf1_R3_Plate10",11,12,1008,5,"G1 phase"
169384099,"YML012C-A","","","dma3522","Spf1_R3_Plate10",11,12,1008,6,"G1 phase"
169384106,"YML012C-A","","","dma3522","Spf1_R3_Plate10",11,12,1008,13,"G1 phase"
169384113,"YML012C-A","","","dma3522","Spf1_R3_Plate10",11,12,1008,21,"G1 phase"
169384120,"YML012C-A","","","dma3522","Spf1_R3_Plate10",11,12,1008,28,"G1 phase"
169394926,"YMR214W","SCJ1","","dma3813","Spf1_R3_Plate10",12,17,1121,74,"G1 phase"
169395301,"YMR214W","SCJ1","","dma3813","Spf1_R3_Plate10",12,17,1123,127,"G1 phase"
169396156,"YMR120C","ADE17","","dma3718","Spf1_R3_Plate10",12,20,1133,4,"G1 phase"
169396178,"YMR120C","ADE17","","dma3718","Spf1_R3_Plate10",12,20,1136,6,"MA-single"
169426076,"YNL064C","YDJ1","","dma3979","Spf1_R3_Plate11",7,13,627,4,"MA phase"
169444531,"YNR006W","VPS27","","dma4211","Spf1_R3_Plate11",14,21,1331,5,"G1 phase"
169444535,"YNR006W","VPS27","","dma4211","Spf1_R3_Plate11",14,21,1331,9,"G1 phase"
169461984,"YNL325C","FIG4","","dma4182","Spf1_R3_Plate11",10,11,908,71,"T phase"
169462462,"YNL324W","","","dma4183","Spf1_R3_Plate11",10,13,914,45,"S/G2 phase"
169462465,"YNL324W","","","dma4183","Spf1_R3_Plate11",10,13,914,49,"G1 phase"
169462528,"YNL324W","","","dma4183","Spf1_R3_Plate11",10,13,915,3,"G1 phase"
169462577,"YNL324W","","","dma4183","Spf1_R3_Plate11",10,13,915,55,"G1 phase"
169462581,"YNL324W","","","dma4183","Spf1_R3_Plate11",10,13,915,59,"S/G2 phase"
169462590,"YNL324W","","","dma4183","Spf1_R3_Plate11",10,13,915,69,"G1 phase"
169462647,"YNL324W","","","dma4183","Spf1_R3_Plate11",10,13,916,3,"MA-single"
169483838,"YNL097C","PHO23","","dma4020","Spf1_R3_Plate11",13,23,1241,113,"T phase"
169504157,"YNL120C","","","dma4029","Spf1_R3_Plate11",15,17,1409,37,"G1 phase"
169505624,"YNL003C","PET8","","dma3935","Spf1_R3_Plate11",15,22,1430,6,"G1 phase"
169512119,"YNL199C","GCR2","","dma4071","Spf1_R3_Plate11",8,6,696,19,"MA phase"
169513000,"YNL197C","WHI3","","dma4073","Spf1_R3_Plate11",8,10,709,2,"T phase"
169628422,"YOR123C","LEO1","","dma4542","Spf1_R3_Plate12",6,11,524,5,"G1 phase"
169637171,"YOR070C","GYP1","","dma4499","Spf1_R3_Plate12",14,22,1334,49,"G1 phase"
169645319,"YOR165W","SEY1","","dma4562","Spf1_R3_Plate12",10,3,875,17,"G1 phase"
169680088,"YNR051C","BRE5","","dma4271","Spf1_R3_Plate12",7,22,662,9,"G1 phase"
169681278,"YOR141C","ARP8","","dma4550","Spf1_R3_Plate12",8,3,681,2,"S/G2 phase"
169681282,"YOR141C","ARP8","","dma4550","Spf1_R3_Plate12",8,3,684,4,"G1 phase"
169687452,"YOL064C","MET22","","dma4348","Spf1_R3_Plate12",5,7,410,13,"G1 phase"
169687499,"YOL064C","MET22","","dma4348","Spf1_R3_Plate12",5,7,410,63,"S/G2 phase"
169727537,"YOL049W","GSH2","","dma4340","Spf1_R3_Plate12",3,15,251,10,"G1 phase"
169727538,"YOL049W","GSH2","","dma4340","Spf1_R3_Plate12",3,15,251,11,"MA-single"
169727553,"YOL049W","GSH2","","dma4340","Spf1_R3_Plate12",3,15,252,14,"G1 phase"
169756623,"YOR358W","HAP5","","dma4744","Spf1_R3_Plate13",7,7,600,7,"G1 phase"
169756626,"YOR358W","HAP5","","dma4744","Spf1_R3_Plate13",7,7,600,11,"G1 phase"
169756627,"YOR358W","HAP5","","dma4744","Spf1_R3_Plate13",7,7,600,13,"G1 phase"
169756630,"YOR358W","HAP5","","dma4744","Spf1_R3_Plate13",7,7,600,25,"G1 phase"
169756631,"YOR358W","HAP5","","dma4744","Spf1_R3_Plate13",7,7,600,26,"G1 phase"
169756633,"YOR358W","HAP5","","dma4744","Spf1_R3_Plate13",7,7,602,4,"G1 phase"
169756634,"YOR358W","HAP5","","dma4744","Spf1_R3_Plate13",7,7,602,6,"G1 phase"
169756639,"YOR358W","HAP5","","dma4744","Spf1_R3_Plate13",7,7,602,18,"G1 phase"
169756642,"YOR358W","HAP5","","dma4744","Spf1_R3_Plate13",7,7,602,25,"G1 phase"
169756645,"YOR358W","HAP5","","dma4744","Spf1_R3_Plate13",7,7,602,29,"G1 phase"
169756646,"YOR358W","HAP5","","dma4744","Spf1_R3_Plate13",7,7,602,30,"G1 phase"
169756648,"YOR358W","HAP5","","dma4744","Spf1_R3_Plate13",7,7,602,32,"G1 phase"
169756656,"YOR358W","HAP5","","dma4744","Spf1_R3_Plate13",7,7,603,4,"S/G2 phase"
169756661,"YOR358W","HAP5","","dma4744","Spf1_R3_Plate13",7,7,603,11,"S/G2 phase"
169756662,"YOR358W","HAP5","","dma4744","Spf1_R3_Plate13",7,7,603,12,"G1 phase"
169756663,"YOR358W","HAP5","","dma4744","Spf1_R3_Plate13",7,7,603,13,"G1 phase"
169756664,"YOR358W","HAP5","","dma4744","Spf1_R3_Plate13",7,7,603,15,"G1 phase"
169756669,"YOR358W","HAP5","","dma4744","Spf1_R3_Plate13",7,7,603,21,"G1 phase"
169756672,"YOR358W","HAP5","","dma4744","Spf1_R3_Plate13",7,7,603,24,"G1 phase"
169756674,"YOR358W","HAP5","","dma4744","Spf1_R3_Plate13",7,7,603,31,"G1 phase"
169756676,"YOR358W","HAP5","","dma4744","Spf1_R3_Plate13",7,7,603,33,"G1 phase"
169756678,"YOR358W","HAP5","","dma4744","Spf1_R3_Plate13",7,7,603,37,"S/G2 phase"
169756679,"YOR358W","HAP5","","dma4744","Spf1_R3_Plate13",7,7,603,38,"G1 phase"
169775872,"YPL144W","POC4","","dma4881","Spf1_R3_Plate13",14,18,1316,9,"G1 phase"
169775917,"YPL144W","POC4","","dma4881","Spf1_R3_Plate13",14,18,1317,17,"G1 phase"
169775927,"YPL144W","POC4","","dma4881","Spf1_R3_Plate13",14,18,1317,27,"G1 phase"
169775939,"YPL144W","POC4","","dma4881","Spf1_R3_Plate13",14,18,1318,4,"G1 phase"
169775944,"YPL144W","POC4","","dma4881","Spf1_R3_Plate13",14,18,1318,9,"MA-single"
169777881,"YOR312C","RPL20B","","dma4693","Spf1_R3_Plate13",15,2,1348,41,"G1 phase"
169777888,"YOR312C","RPL20B","","dma4693","Spf1_R3_Plate13",15,2,1348,49,"G1 phase"
169777891,"YOR312C","RPL20B","","dma4693","Spf1_R3_Plate13",15,2,1348,52,"G1 phase"
169777895,"YOR312C","RPL20B","","dma4693","Spf1_R3_Plate13",15,2,1348,56,"G1 phase"
169777932,"YOR312C","RPL20B","","dma4693","Spf1_R3_Plate13",15,2,1349,5,"G1 phase"
169777939,"YOR312C","RPL20B","","dma4693","Spf1_R3_Plate13",15,2,1349,12,"G1 phase"
169777958,"YOR312C","RPL20B","","dma4693","Spf1_R3_Plate13",15,2,1349,31,"G1 phase"
169777989,"YOR312C","RPL20B","","dma4693","Spf1_R3_Plate13",15,2,1349,62,"G1 phase"
169778007,"YOR312C","RPL20B","","dma4693","Spf1_R3_Plate13",15,2,1349,80,"G1 phase"
169778061,"YOR312C","RPL20B","","dma4693","Spf1_R3_Plate13",15,2,1350,25,"S/G2 phase"
169778100,"YOR312C","RPL20B","","dma4693","Spf1_R3_Plate13",15,2,1350,69,"S/G2 phase"
169778110,"YOR312C","RPL20B","","dma4693","Spf1_R3_Plate13",15,2,1350,81,"G1 phase"
169799681,"YPL069C","BTS1","","dma4817","Spf1_R3_Plate13",4,10,325,16,"G1 phase"
169799684,"YPL069C","BTS1","","dma4817","Spf1_R3_Plate13",4,10,326,4,"G1 phase"
169832499,"YOR301W","RAX1","","dma4703","Spf1_R3_Plate13",15,22,1428,12,"G1 phase"
169832667,"YOR301W","RAX1","","dma4703","Spf1_R3_Plate13",15,22,1428,184,"G1 phase"
169832713,"YOR301W","RAX1","","dma4703","Spf1_R3_Plate13",15,22,1428,232,"T phase"
169832738,"YOR301W","RAX1","","dma4703","Spf1_R3_Plate13",15,22,1428,258,"MA phase"
169832847,"YOR301W","RAX1","","dma4703","Spf1_R3_Plate13",15,22,1429,82,"MA-single"
169832992,"YOR301W","RAX1","","dma4703","Spf1_R3_Plate13",15,22,1429,232,"S/G2 phase"
169833148,"YOR301W","RAX1","","dma4703","Spf1_R3_Plate13",15,22,1430,110,"T phase"
169833411,"YOR301W","RAX1","","dma4703","Spf1_R3_Plate13",15,22,1431,151,"G1 phase"
169833418,"YOR301W","RAX1","","dma4703","Spf1_R3_Plate13",15,22,1431,158,"G1 phase"
169843832,"YPL102C","","","dma4842","Spf1_R3_Plate13",8,12,716,18,"T phase"
169912585,"YPL161C","BEM4","","dma4906","Spf1_R3_Plate13",2,19,172,73,"S/G2 phase"
169915396,"YOR221C","MCT1","","dma4621","Spf1_R3_Plate13",3,2,200,7,"G1 phase"
169937495,"YPR024W","YME1","","dma5032","Spf1_R3_Plate14",7,8,605,14,"G1 phase"
169937499,"YPR024W","YME1","","dma5032","Spf1_R3_Plate14",7,8,605,18,"G1 phase"
169937500,"YPR024W","YME1","","dma5032","Spf1_R3_Plate14",7,8,605,19,"G1 phase"
169937507,"YPR024W","YME1","","dma5032","Spf1_R3_Plate14",7,8,605,26,"G1 phase"
169937512,"YPR024W","YME1","","dma5032","Spf1_R3_Plate14",7,8,605,31,"G1 phase"
169937539,"YPR024W","YME1","","dma5032","Spf1_R3_Plate14",7,8,605,58,"G1 phase"
169937543,"YPR024W","YME1","","dma5032","Spf1_R3_Plate14",7,8,605,62,"G1 phase"
169937547,"YPR024W","YME1","","dma5032","Spf1_R3_Plate14",7,8,606,4,"G1 phase"
169937551,"YPR024W","YME1","","dma5032","Spf1_R3_Plate14",7,8,606,8,"G1 phase"
169937553,"YPR024W","YME1","","dma5032","Spf1_R3_Plate14",7,8,606,10,"S/G2 phase"
169937558,"YPR024W","YME1","","dma5032","Spf1_R3_Plate14",7,8,606,15,"G1 phase"
169937578,"YPR024W","YME1","","dma5032","Spf1_R3_Plate14",7,8,606,37,"G1 phase"
169937587,"YPR024W","YME1","","dma5032","Spf1_R3_Plate14",7,8,606,47,"G1 phase"
169937593,"YPR024W","YME1","","dma5032","Spf1_R3_Plate14",7,8,606,53,"G1 phase"
169937598,"YPR024W","YME1","","dma5032","Spf1_R3_Plate14",7,8,606,58,"G1 phase"
169937604,"YPR024W","YME1","","dma5032","Spf1_R3_Plate14",7,8,606,64,"G1 phase"
169937622,"YPR024W","YME1","","dma5032","Spf1_R3_Plate14",7,8,607,7,"G1 phase"
169937627,"YPR024W","YME1","","dma5032","Spf1_R3_Plate14",7,8,607,12,"G1 phase"
169937680,"YPR024W","YME1","","dma5032","Spf1_R3_Plate14",7,8,608,2,"G1 phase"
169937682,"YPR024W","YME1","","dma5032","Spf1_R3_Plate14",7,8,608,4,"G1 phase"
169937695,"YPR024W","YME1","","dma5032","Spf1_R3_Plate14",7,8,608,18,"MA-single"
169937706,"YPR024W","YME1","","dma5032","Spf1_R3_Plate14",7,8,608,30,"G1 phase"
169937711,"YPR024W","YME1","","dma5032","Spf1_R3_Plate14",7,8,608,35,"G1 phase"
169937713,"YPR024W","YME1","","dma5032","Spf1_R3_Plate14",7,8,608,37,"S/G2 phase"
169937715,"YPR024W","YME1","","dma5032","Spf1_R3_Plate14",7,8,608,39,"G1 phase"
169937736,"YPR024W","YME1","","dma5032","Spf1_R3_Plate14",7,8,608,63,"G1 phase"
169951401,"YIL094C","LYS12","","dma5314","Spf1_R3_Plate14",6,19,553,7,"G1 phase"
169951416,"YIL094C","LYS12","","dma5314","Spf1_R3_Plate14",6,19,554,6,"G1 phase"
169958800,"YDR290W","","","dma5265","Spf1_R3_Plate14",14,18,1317,13,"MA-single"
169970040,"YPR179C","HDA3","","dma5157","Spf1_R3_Plate14",11,17,1025,76,"G1 phase"
169970542,"YPR179C","HDA3","","dma5157","Spf1_R3_Plate14",11,17,1027,189,"G1 phase"
169978000,"YMR165C","PAH1","","dma5330","Spf1_R3_Plate14",10,3,875,7,"T phase"
169978021,"YMR165C","PAH1","","dma5330","Spf1_R3_Plate14",10,3,875,29,"G1 phase"
170039381,"YDR034C","LYS14","","dma5225","Spf1_R3_Plate14",8,10,709,15,"MA-single"
170039385,"YDR034C","LYS14","","dma5225","Spf1_R3_Plate14",8,10,709,23,"G1 phase"
170039386,"YDR034C","LYS14","","dma5225","Spf1_R3_Plate14",8,10,709,24,"G1 phase"
170039387,"YDR034C","LYS14","","dma5225","Spf1_R3_Plate14",8,10,709,25,"G1 phase"
170039390,"YDR034C","LYS14","","dma5225","Spf1_R3_Plate14",8,10,709,30,"G1 phase"
170039392,"YDR034C","LYS14","","dma5225","Spf1_R3_Plate14",8,10,709,37,"G1 phase"
170039395,"YDR034C","LYS14","","dma5225","Spf1_R3_Plate14",8,10,709,40,"G1 phase"
170039397,"YDR034C","LYS14","","dma5225","Spf1_R3_Plate14",8,10,709,44,"G1 phase"
170039401,"YDR034C","LYS14","","dma5225","Spf1_R3_Plate14",8,10,709,48,"G1 phase"
170039402,"YDR034C","LYS14","","dma5225","Spf1_R3_Plate14",8,10,709,50,"T phase"
170039404,"YDR034C","LYS14","","dma5225","Spf1_R3_Plate14",8,10,709,54,"G1 phase"
170039411,"YDR034C","LYS14","","dma5225","Spf1_R3_Plate14",8,10,709,68,"G1 phase"
170039412,"YDR034C","LYS14","","dma5225","Spf1_R3_Plate14",8,10,709,69,"G1 phase"
170039413,"YDR034C","LYS14","","dma5225","Spf1_R3_Plate14",8,10,709,72,"G1 phase"
170039423,"YDR034C","LYS14","","dma5225","Spf1_R3_Plate14",8,10,709,96,"G1 phase"
170039492,"YDR034C","LYS14","","dma5225","Spf1_R3_Plate14",8,10,711,31,"G1 phase"
170039509,"YDR034C","LYS14","","dma5225","Spf1_R3_Plate14",8,10,711,63,"G1 phase"
170039512,"YDR034C","LYS14","","dma5225","Spf1_R3_Plate14",8,10,711,67,"G1 phase"
170039552,"YDR034C","LYS14","","dma5225","Spf1_R3_Plate14",8,10,712,13,"G1 phase"
170039554,"YDR034C","LYS14","","dma5225","Spf1_R3_Plate14",8,10,712,15,"MA phase"
170039563,"YDR034C","LYS14","","dma5225","Spf1_R3_Plate14",8,10,712,30,"G1 phase"
170039572,"YDR034C","LYS14","","dma5225","Spf1_R3_Plate14",8,10,712,41,"G1 phase"
170039592,"YDR034C","LYS14","","dma5225","Spf1_R3_Plate14",8,10,712,68,"G1 phase"
170095775,"YDL074C","BRE1","","dma651","Spf1_R3_Plate14",12,12,1101,13,"G1 phase"
170128952,"YPR120C","CLB5","","dma5102","Spf1_R3_Plate14",3,3,202,22,"S/G2 phase"
170129941,"YPR119W","CLB2","","dma5103","Spf1_R3_Plate14",3,5,209,74,"T phase"
170129945,"YPR119W","CLB2","","dma5103","Spf1_R3_Plate14",3,5,209,79,"MA phase"
