ORF,Name,Allele,Strain ID,Plate,Row,Column
YOR202W,HIS3,his3,tsa1,1,1,1
YOR202W,HIS3,his3,tsa97,1,1,2
YOR202W,HIS3,his3,tsa2,1,1,3
YOR202W,HIS3,his3,tsa98,1,1,4
YOR202W,HIS3,his3,tsa3,1,1,5
YOR202W,HIS3,his3,tsa99,1,1,6
YOR202W,HIS3,his3,tsa4,1,1,7
YOR202W,HIS3,his3,tsa100,1,1,8
YOR202W,HIS3,his3,tsa5,1,1,9
YOR202W,HIS3,his3,tsa101,1,1,10
YOR202W,HIS3,his3,tsa6,1,1,11
YOR202W,HIS3,his3,tsa102,1,1,12
YOR202W,HIS3,his3,tsa7,1,1,13
YOR202W,HIS3,his3,tsa103,1,1,14
YOR202W,HIS3,his3,tsa8,1,1,15
YOR202W,HIS3,his3,tsa104,1,1,16
YOR202W,HIS3,his3,tsa9,1,1,17
YOR202W,HIS3,his3,tsa105,1,1,18
YOR202W,HIS3,his3,tsa10,1,1,19
YOR202W,HIS3,his3,tsa106,1,1,20
YOR202W,HIS3,his3,tsa11,1,1,21
YOR202W,HIS3,his3,tsa107,1,1,22
YOR202W,HIS3,his3,tsa12,1,1,23
YOR202W,HIS3,his3,tsa108,1,1,24
YOR202W,HIS3,his3,tsa193,1,2,1
YER012W,PRE1,pre1-1,tsa289,1,2,2
YKR002W,PAP1,pap1-1,tsa194,1,2,3
YGR185C,TYS1,tys1-1,tsa290,1,2,4
YOR212W,STE4,ste4,tsa195,1,2,5
YHR186C,KOG1,kog1-1,tsa291,1,2,6
YLL031C,GPI13,gpi13-3-supp1,tsa196,1,2,7
YJL001W,PRE3,pre3-2,tsa292,1,2,8
YLL031C,GPI13,gpi13-5,tsa197,1,2,9
YMR117C,SPC24,spc24-9,tsa293,1,2,10
YLR026C,SED5,sed5-1,tsa198,1,2,11
YMR168C,CEP3,cep3-1,tsa294,1,2,12
YLR078C,BOS1,bos1-1,tsa199,1,2,13
YBR060C,ORC2,orc2-1,tsa295,1,2,14
YLR459W,GAB1,gab1-1,tsa200,1,2,15
YJR065C,ARP3,arp3-g302y,tsa296,1,2,16
YLR459W,GAB1,gab1-2,tsa201,1,2,17
YJR065C,ARP3,arp3-h161a,tsa297,1,2,18
YLR459W,GAB1,gab1-3,tsa202,1,2,19
YJR065C,ARP3,arp3-g15c,tsa298,1,2,20
YML130C,ERO1,ero1-1,tsa203,1,2,21
YJR065C,ARP3,arp3-f306g-supp1,tsa299,1,2,22
YOR149C,SMP3,smp3-2,tsa204,1,2,23
YOR202W,HIS3,his3,tsa300,1,2,24
YOR202W,HIS3,his3,tsa13,1,3,1
YDL108W,KIN28,kin28-ts,tsa109,1,3,2
YHR007C,ERG11,erg11-td,tsa14,1,3,3
YIL150C,MCM10,mcm10-1,tsa110,1,3,4
YPR165W,RHO1,rho1-td,tsa15,1,3,5
YBL023C,MCM2,mcm2-1,tsa111,1,3,6
YNL263C,YIF1,yif1-td,tsa16,1,3,7
YEL032W,MCM3,mcm3-1,tsa112,1,3,8
YDL102W,POL3,cdc2-7,tsa17,1,3,9
YKL089W,MIF2,mif2-3,tsa113,1,3,10
YDR364C,CDC40,cdc40-ts,tsa18,1,3,11
YPL211W,NIP7,nip7-1,tsa114,1,3,12
YKL045W,PRI2,pri2-1,tsa19,1,3,13
YNL267W,PIK1,pik1-104,tsa115,1,3,14
YNL262W,POL2,pol2-12,tsa20,1,3,15
YNL267W,PIK1,pik1-139,tsa116,1,3,16
YER069W,"ARG5,6","arg5,6",tsa21,1,3,17
YBR237W,PRP5,prp5-1,tsa117,1,3,18
YJR057W,CDC8,cdc8-2,tsa22,1,3,19
YMR235C,RNA1,rna1-1,tsa118,1,3,20
YLR310C,CDC25,cdc25-1,tsa23,1,3,21
YPL085W,SEC16,sec16-2,tsa119,1,3,22
YBR102C,EXO84,exo84-102,tsa24,1,3,23
YOR202W,HIS3,his3,tsa120,1,3,24
YOR202W,HIS3,his3,tsa205,1,4,1
YDR356W,SPC110,spc110-220,tsa301,1,4,2
YPL209C,IPL1,ipl1-2,tsa206,1,4,3
YJL090C,DPB11,dpb11-1-supp1,tsa302,1,4,4
YLR088W,GAA1,gaa1-ts,tsa207,1,4,5
YMR117C,SPC24,spc24-10,tsa303,1,4,6
YDL126C,CDC48,cdc48-3,tsa208,1,4,7
YAL041W,CDC24,cdc24-5,tsa304,1,4,8
YDL126C,CDC48,cdc48-2,tsa209,1,4,9
YNR026C,SEC12,sec12-1,tsa305,1,4,10
YJL034W,KAR2,kar2-159,tsa210,1,4,11
YOL139C,CDC33,cdc33-e72g,tsa306,1,4,12
YER090W,TRP2,trp2,tsa211,1,4,13
YFL005W,SEC4,sec4-8,tsa307,1,4,14
YOR075W,UFE1,ufe1-1,tsa212,1,4,15
YDR054C,CDC34,cdc34-2,tsa308,1,4,16
YLR378C,SEC61,sec61-2,tsa213,1,4,17
YBR060C,ORC2,orc2-4,tsa309,1,4,18
YFL039C,ACT1,act1-111,tsa214,1,4,19
YGL234W,"ADE5,7","ade5,7",tsa310,1,4,20
YFL039C,ACT1,act1-119,tsa215,1,4,21
YBR060C,ORC2,orc2-2,tsa311,1,4,22
YFL039C,ACT1,act1-132,tsa216,1,4,23
YOR202W,HIS3,his3,tsa312,1,4,24
YOR202W,HIS3,his3,tsa25,1,5,1
YLR268W,SEC22,sec22-3,tsa121,1,5,2
YLR229C,CDC42,cdc42-1,tsa26,1,5,3
YPR055W,SEC8,sec8-9,tsa122,1,5,4
YOR361C,PRT1,prt1-1,tsa27,1,5,5
YLR305C,STT4,stt4-4,tsa123,1,5,6
YDR172W,SUP35,sup35-td,tsa28,1,5,7
YGL130W,CEG1,ceg1-c354,tsa124,1,5,8
YLR310C,CDC25,cdc25-2-supp1,tsa29,1,5,9
YBR202W,MCM7,cdc47-ts,tsa125,1,5,10
YHR107C,CDC12,cdc12-1,tsa30,1,5,11
YJR076C,CDC11,cdc11-4,tsa126,1,5,12
YDR182W,CDC1,cdc1-1,tsa31,1,5,13
YOR212W,STE4,ste4,tsa127,1,5,14
YJL194W,CDC6,cdc6-1,tsa32,1,5,15
YDL014W,NOP1,nop1-3,tsa128,1,5,16
YDL164C,CDC9,cdc9-1-supp2,tsa33,1,5,17
YDR208W,MSS4,mss4-103,tsa129,1,5,18
YAL038W,CDC19,cdc19-1,tsa34,1,5,19
YLR314C,CDC3,cdc3-3,tsa130,1,5,20
YGR264C,MES1,mes1-1,tsa35,1,5,21
YDL017W,CDC7,cdc7-4,tsa131,1,5,22
YDR164C,SEC1,sec1-1,tsa36,1,5,23
YOR202W,HIS3,his3,tsa132,1,5,24
YOR202W,HIS3,his3,tsa217,1,6,1
YLR268W,SEC22,sec22-1,tsa313,1,6,2
YFL039C,ACT1,act1-112,tsa218,1,6,3
YDL165W,CDC36,cdc36-16,tsa314,1,6,4
YFL039C,ACT1,act1-122,tsa219,1,6,5
YDR168W,CDC37,cdc37-ts,tsa315,1,6,6
YFL039C,ACT1,act1-155,tsa220,1,6,7
YER069W,"ARG5,6","arg5,6",tsa316,1,6,8
YGR140W,CBF2,cbf2-2,tsa221,1,6,9
YDR168W,CDC37,cdc37-1,tsa317,1,6,10
YLR457C,NBP1,nbp1-1,tsa222,1,6,11
YIR022W,SEC11,sec11-2,tsa318,1,6,12
YFL039C,ACT1,act1-129,tsa223,1,6,13
YKL112W,ABF1,abf1-102,tsa319,1,6,14
YPL094C,SEC62,sec62-ts,tsa224,1,6,15
YMR220W,ERG8,erg8-1,tsa320,1,6,16
YML064C,TEM1,tem1-3-supp1,tsa225,1,6,17
YFL008W,SMC1,smc1-2,tsa321,1,6,18
YLR347C,KAP95,kap95-l63a,tsa226,1,6,19
YHR191C,CTF8,ctf8-162,tsa322,1,6,20
YGR179C,OKP1,okp1-5,tsa227,1,6,21
YHR191C,CTF8,ctf8-9,tsa323,1,6,22
YLR347C,KAP95,kap95-e126k,tsa228,1,6,23
YOR202W,HIS3,his3,tsa324,1,6,24
YOR202W,HIS3,his3,tsa37,1,7,1
YGR140W,CBF2,cbf2-1,tsa133,1,7,2
YIL068C,SEC6,sec6-4,tsa38,1,7,3
YER090W,TRP2,trp2,tsa134,1,7,4
YGL234W,"ADE5,7","ade5,7",tsa39,1,7,5
YDL102W,POL3,cdc2-2,tsa135,1,7,6
YGL233W,SEC15,sec15-1,tsa40,1,7,7
YFL039C,ACT1,act1-101,tsa136,1,7,8
YER157W,COG3,cog3-1,tsa41,1,7,9
YFL039C,ACT1,act1-3,tsa137,1,7,10
YAL041W,CDC24,cdc24-h,tsa42,1,7,11
YFL039C,ACT1,act1-4,tsa138,1,7,12
YER008C,SEC3,sec3-2,tsa43,1,7,13
YOR336W,KRE5,kre5-ts2,tsa139,1,7,14
YDR170C,SEC7,sec7-1,tsa44,1,7,15
YFL039C,ACT1,act1-125,tsa140,1,7,16
YBL050W,SEC17,sec17-1,tsa45,1,7,17
YFL039C,ACT1,act1-133,tsa141,1,7,18
YNL287W,SEC21,sec21-1,tsa46,1,7,19
YFL039C,ACT1,act1-136,tsa142,1,7,20
YER157W,COG3,cog3-2,tsa47,1,7,21
YPR176C,BET2,bet2-1-supp1,tsa143,1,7,22
YFL045C,SEC53,sec53-6,tsa48,1,7,23
YOR202W,HIS3,his3,tsa144,1,7,24
YOR202W,HIS3,his3,tsa229,1,8,1
YCL059C,KRR1,krr1-17,tsa325,1,8,2
YOR181W,LAS17,las17-14,tsa230,1,8,3
YCL059C,KRR1,krr1-18,tsa326,1,8,4
YOR254C,SEC63,sec63-1,tsa231,1,8,5
YDL090C,RAM1,ram1-119,tsa327,1,8,6
YOR122C,PFY1,pfy1-4,tsa232,1,8,7
YJR045C,SSC1,ssc1-2,tsa328,1,8,8
YOR122C,PFY1,pfy1-13,tsa233,1,8,9
YPL093W,NOG1,nog1-1,tsa329,1,8,10
YLL050C,COF1,cof1-5,tsa234,1,8,11
YPR183W,DPM1,dpm1-6,tsa330,1,8,12
YAL034W-A,MTW1,mtw1-ts,tsa235,1,8,13
YBR060C,ORC2,orc2-3,tsa331,1,8,14
YBR156C,SLI15,sli15-3,tsa236,1,8,15
YBR135W,CKS1,cks1-38,tsa332,1,8,16
YER013W,PRP22,prp22-1,tsa237,1,8,17
YGL155W,CDC43,cdc43-2,tsa333,1,8,18
YGL154C,LYS5,lys5,tsa238,1,8,19
YFL009W,CDC4,cdc4-3,tsa334,1,8,20
YGL061C,DUO1,duo1-2,tsa239,1,8,21
YKL112W,ABF1,abf1-103,tsa335,1,8,22
YGR113W,DAM1,dam1-11,tsa240,1,8,23
YOR202W,HIS3,his3,tsa336,1,8,24
YOR202W,HIS3,his3,tsa49,1,9,1
YFR028C,CDC14,cdc14-1,tsa145,1,9,2
YHR107C,CDC12,cdc12-td,tsa50,1,9,3
YFR028C,CDC14,cdc14-3,tsa146,1,9,4
YDR166C,SEC5,sec5-24,tsa51,1,9,5
YOR074C,CDC21,cdc21-ts,tsa147,1,9,6
YLR208W,SEC13,sec13-1,tsa52,1,9,7
YAL041W,CDC24,cdc24-11,tsa148,1,9,8
YMR079W,SEC14,sec14-3,tsa53,1,9,9
YAL041W,CDC24,cdc24-4,tsa149,1,9,10
YBR080C,SEC18,sec18-1,tsa54,1,9,11
YBR160W,CDC28,cdc28-4,tsa150,1,9,12
YDR498C,SEC20,sec20-1,tsa55,1,9,13
YOR257W,CDC31,cdc31-2,tsa151,1,9,14
YNL272C,SEC2,sec2-41,tsa56,1,9,15
YOR257W,CDC31,cdc31-5,tsa152,1,9,16
YGR009C,SEC9,sec9-4,tsa57,1,9,17
YGL154C,LYS5,lys5,tsa153,1,9,18
YDR473C,PRP3,prp3-1,tsa58,1,9,19
YBR109C,CMD1,cmd1-1,tsa154,1,9,20
YMR094W,CTF13,ctf13-30,tsa59,1,9,21
YBR109C,CMD1,cmd1-3,tsa155,1,9,22
YNR026C,SEC12,sec12-4,tsa60,1,9,23
YOR202W,HIS3,his3,tsa156,1,9,24
YOR202W,HIS3,his3,tsa241,1,10,1
YOR326W,MYO2,myo2-16,tsa337,1,10,2
YGR113W,DAM1,dam1-5,tsa242,1,10,3
YNR011C,PRP2,prp2-1,tsa338,1,10,4
YGR113W,DAM1,dam1-9,tsa243,1,10,5
YGL207W,SPT16,spt16-ts,tsa339,1,10,6
YGR113W,DAM1,dam1-19,tsa244,1,10,7
YIR008C,PRI1,pri1-m4,tsa340,1,10,8
YGR113W,DAM1,dam1-1,tsa245,1,10,9
YJR065C,ARP3,arp3-d11a,tsa341,1,10,10
YIL144W,NDC80,tid3-1,tsa246,1,10,11
YJR068W,RFC2,rfc2-1,tsa342,1,10,12
YLL036C,PRP19,prp19-1,tsa247,1,10,13
YNL102W,POL1,pol1-ts,tsa343,1,10,14
YLL050C,COF1,cof1-8,tsa248,1,10,15
YNL102W,POL1,pol1-2,tsa344,1,10,16
YDR060W,MAK21,mak21-1,tsa249,1,10,17
YNL102W,POL1,pol1-17,tsa345,1,10,18
YDR060W,MAK21,mak21-3,tsa250,1,10,19
YNL102W,POL1,pol1-13,tsa346,1,10,20
YDR189W,SLY1,sly1-ts,tsa251,1,10,21
YKL049C,CSE4,cse4-1,tsa347,1,10,22
YER009W,NTF2,ntf2-h104y,tsa252,1,10,23
YOR202W,HIS3,his3,tsa348,1,10,24
YOR202W,HIS3,his3,tsa61,1,11,1
YBR109C,CMD1,cmd1-8,tsa157,1,11,2
YBR160W,CDC28,cdc28-td,tsa62,1,11,3
YGR092W,DBF2,dbf2-1,tsa158,1,11,4
YLR166C,SEC10,sec10-2,tsa63,1,11,5
YGR092W,DBF2,dbf2-2,tsa159,1,11,6
YER136W,GDI1,gdi1-1,tsa64,1,11,7
YGR092W,DBF2,dbf2-3,tsa160,1,11,8
YGL154C,LYS5,lys5,tsa65,1,11,9
YDR052C,DBF4,dbf4-1,tsa161,1,11,10
YDR180W,SCC2,scc2-4,tsa66,1,11,11
YDR052C,DBF4,dbf4-2,tsa162,1,11,12
YIL026C,IRR1,irr1-1,tsa67,1,11,13
YDR052C,DBF4,dbf4-3,tsa163,1,11,14
YFL008W,SMC1,smc1-259,tsa68,1,11,15
YDR052C,DBF4,dbf4-4,tsa164,1,11,16
YER147C,SCC4,scc4-4,tsa69,1,11,17
YPL209C,IPL1,ipl1-1,tsa165,1,11,18
YDL003W,MCD1,mcd1-73,tsa70,1,11,19
YDL028C,MPS1,mps1-1,tsa166,1,11,20
YJL074C,SMC3,smc3-42,tsa71,1,11,21
YDL028C,MPS1,mps1-3796,tsa167,1,11,22
YFL039C,ACT1,act1-124,tsa72,1,11,23
YOR202W,HIS3,his3,tsa168,1,11,24
YOR202W,HIS3,his3,tsa253,1,12,1
YPR175W,DPB2,dpb2-1,tsa349,1,12,2
YFL037W,TUB2,tub2-443,tsa254,1,12,3
YOR212W,STE4,ste4,tsa350,1,12,4
YHR027C,RPN1,rpn1-821,tsa255,1,12,5
YLL004W,ORC3,orc3-70,tsa351,1,12,6
YLR293C,GSP1,gsp1-p162l,tsa256,1,12,7
YHR164C,DNA2,dna2-2,tsa352,1,12,8
YER069W,"ARG5,6","arg5,6",tsa257,1,12,9
YIR006C,PAN1,pan1-4,tsa353,1,12,10
YOR370C,MRS6,mrs6-2,tsa258,1,12,11
YJL005W,CYR1,cdc35-1,tsa354,1,12,12
YJL074C,SMC3,smc3-1,tsa259,1,12,13
YGL130W,CEG1,ceg1-ts,tsa355,1,12,14
YOR259C,RPT4,rpt4-150,tsa260,1,12,15
YJR076C,CDC11,cdc11-1,tsa356,1,12,16
YGL097W,SRM1,srm1-g282s,tsa261,1,12,17
YBR236C,ABD1,abd1-8,tsa357,1,12,18
YLR127C,APC2,apc2-8,tsa262,1,12,19
YGL130W,CEG1,ceg1-34,tsa358,1,12,20
YOR259C,RPT4,rpt4-145,tsa263,1,12,21
YGL154C,LYS5,lys5,tsa359,1,12,22
YLR086W,SMC4,smc4-1,tsa264,1,12,23
YOR202W,HIS3,his3,tsa360,1,12,24
YOR202W,HIS3,his3,tsa73,1,13,1
YDL028C,MPS1,mps1-417,tsa169,1,13,2
YFL039C,ACT1,act1-120,tsa74,1,13,3
YDL028C,MPS1,mps1-6,tsa170,1,13,4
YBR236C,ABD1,abd1-5,tsa75,1,13,5
YOL094C,RFC4,rfc4-20,tsa171,1,13,6
YGR140W,CBF2,cbf2-42,tsa76,1,13,7
YMR235C,RNA1,rna1-s116f,tsa172,1,13,8
YPR025C,CCL1,ccl1-ts4,tsa77,1,13,9
YKL018W,SWD2,swd2-ts1,tsa173,1,13,10
YCR002C,CDC10,cdc10-1,tsa78,1,13,11
YBR160W,CDC28,cdc28-1,tsa174,1,13,12
YCR002C,CDC10,cdc10-2,tsa79,1,13,13
YBR160W,CDC28,cdc28-13,tsa175,1,13,14
YOR212W,STE4,ste4,tsa80,1,13,15
YML031W,NDC1,ndc1-4,tsa176,1,13,16
YCR002C,CDC10,cdc10-4,tsa81,1,13,17
YBR110W,ALG1,alg1-1,tsa177,1,13,18
YJR076C,CDC11,cdc11-2,tsa82,1,13,19
YGL234W,"ADE5,7","ade5,7",tsa178,1,13,20
YJR076C,CDC11,cdc11-3,tsa83,1,13,21
YDL126C,CDC48,cdc48-9,tsa179,1,13,22
YJR076C,CDC11,cdc11-5,tsa84,1,13,23
YOR202W,HIS3,his3,tsa180,1,13,24
YOR202W,HIS3,his3,tsa265,1,14,1
YDL030W,PRP9,prp9-ts,tsa361,1,14,2
YLR397C,AFG2,afg2-18,tsa266,1,14,3
YNL102W,POL1,pol1-1,tsa362,1,14,4
YNL207W,RIO2,rio2-1,tsa267,1,14,5
YPL082C,MOT1,mot1-1033,tsa363,1,14,6
YOR157C,PUP1,pup1-1,tsa268,1,14,7
YPR055W,SEC8,sec8-6,tsa364,1,14,8
YOR326W,MYO2,myo2-14,tsa269,1,14,9
YBL035C,POL12,pol12-ts,tsa365,1,14,10
YPL228W,CET1,cet1-1,tsa270,1,14,11
YER090W,TRP2,trp2,tsa366,1,14,12
YGL145W,TIP20,tip20-5,tsa271,1,14,13
YBR055C,PRP6,prp6-ts,tsa367,1,14,14
YFR027W,ECO1,eco1-1,tsa272,1,14,15
YGL116W,CDC20,cdc20-3,tsa368,1,14,16
YAR007C,RFA1,rfa1-m2,tsa273,1,14,17
YDL043C,PRP11,prp11-ts,tsa369,1,14,18
YBL034C,STU1,stu1-5,tsa274,1,14,19
YDL064W,UBC9,ubc9-2,tsa370,1,14,20
YBL076C,ILS1,ils1-1,tsa275,1,14,21
YDR331W,GPI8,gpi8-ts,tsa371,1,14,22
YDR356W,SPC110,spc110-221,tsa276,1,14,23
YOR202W,HIS3,his3,tsa372,1,14,24
YOR202W,HIS3,his3,tsa85,1,15,1
YDR087C,RRP1,rrp1-1,tsa181,1,15,2
YHR166C,CDC23,cdc23-1,tsa86,1,15,3
YER125W,RSP5,rsp5-1,tsa182,1,15,4
YHR166C,CDC23,cdc23-4,tsa87,1,15,5
YER069W,"ARG5,6","arg5,6",tsa183,1,15,6
YFR036W,CDC26,cdc26-1,tsa88,1,15,7
YER133W,GLC7,glc7-10,tsa184,1,15,8
YBL084C,CDC27,cdc27-1,tsa89,1,15,9
YER133W,GLC7,glc7-12,tsa185,1,15,10
YBL084C,CDC27,cdc27-2,tsa90,1,15,11
YGL048C,RPT6,rpt6-25,tsa186,1,15,12
YBR196C,PGI1,pgi1-2,tsa91,1,15,13
YGR120C,COG2,cog2-1,tsa187,1,15,14
YDR054C,CDC34,cdc34-1,tsa92,1,15,15
YIL048W,NEO1,neo1-2,tsa188,1,15,16
YCR093W,CDC39,cdc39-1,tsa93,1,15,17
YIL109C,SEC24,sec24-2,tsa189,1,15,18
YGL130W,CEG1,ceg1-3,tsa94,1,15,19
YKL145W,RPT1,rpt1-1,tsa190,1,15,20
YDR052C,DBF4,dbf4-ts,tsa95,1,15,21
YKL210W,UBA1,uba1-1,tsa191,1,15,22
YPL266W,DIM1,dim1-2,tsa96,1,15,23
YOR202W,HIS3,his3,tsa192,1,15,24
YOR202W,HIS3,his3,tsa277,1,16,1
YOR202W,HIS3,his3,tsa373,1,16,2
YOR202W,HIS3,his3,tsa278,1,16,3
YOR202W,HIS3,his3,tsa374,1,16,4
YOR202W,HIS3,his3,tsa279,1,16,5
YOR202W,HIS3,his3,tsa375,1,16,6
YOR202W,HIS3,his3,tsa280,1,16,7
YOR202W,HIS3,his3,tsa376,1,16,8
YOR202W,HIS3,his3,tsa281,1,16,9
YOR202W,HIS3,his3,tsa377,1,16,10
YOR202W,HIS3,his3,tsa282,1,16,11
YOR202W,HIS3,his3,tsa378,1,16,12
YOR202W,HIS3,his3,tsa283,1,16,13
YOR202W,HIS3,his3,tsa379,1,16,14
YOR202W,HIS3,his3,tsa284,1,16,15
YOR202W,HIS3,his3,tsa380,1,16,16
YOR202W,HIS3,his3,tsa285,1,16,17
YOR202W,HIS3,his3,tsa381,1,16,18
YOR202W,HIS3,his3,tsa286,1,16,19
YOR202W,HIS3,his3,tsa382,1,16,20
YOR202W,HIS3,his3,tsa287,1,16,21
YOR202W,HIS3,his3,tsa383,1,16,22
YOR202W,HIS3,his3,tsa288,1,16,23
YOR202W,HIS3,his3,tsa384,1,16,24
YOR202W,HIS3,his3,tsa385,2,1,1
YOR202W,HIS3,his3,tsa481,2,1,2
YOR202W,HIS3,his3,tsa386,2,1,3
YOR202W,HIS3,his3,tsa482,2,1,4
YOR202W,HIS3,his3,tsa387,2,1,5
YOR202W,HIS3,his3,tsa483,2,1,6
YOR202W,HIS3,his3,tsa388,2,1,7
YOR202W,HIS3,his3,tsa484,2,1,8
YOR202W,HIS3,his3,tsa389,2,1,9
YOR202W,HIS3,his3,tsa485,2,1,10
YOR202W,HIS3,his3,tsa390,2,1,11
YOR202W,HIS3,his3,tsa486,2,1,12
YOR202W,HIS3,his3,tsa391,2,1,13
YOR202W,HIS3,his3,tsa487,2,1,14
YOR202W,HIS3,his3,tsa392,2,1,15
YOR202W,HIS3,his3,tsa488,2,1,16
YOR202W,HIS3,his3,tsa393,2,1,17
YOR202W,HIS3,his3,tsa489,2,1,18
YOR202W,HIS3,his3,tsa394,2,1,19
YOR202W,HIS3,his3,tsa490,2,1,20
YOR202W,HIS3,his3,tsa395,2,1,21
YOR202W,HIS3,his3,tsa491,2,1,22
YOR202W,HIS3,his3,tsa396,2,1,23
YOR202W,HIS3,his3,tsa492,2,1,24
YOR202W,HIS3,his3,tsa577,2,2,1
YMR239C,RNT1,rnt1-ts,tsa673,2,2,2
YDR325W,YCG1,ycg1-2,tsa578,2,2,3
YMR239C,RNT1,rnt1-47,tsa674,2,2,4
YGL234W,"ADE5,7","ade5,7",tsa579,2,2,5
YNL138W,SRV2,srv2-ts,tsa675,2,2,6
YDR361C,BCP1,bcp1-ts,tsa580,2,2,7
YLR105C,SEN2,sen2-1,tsa676,2,2,8
YEL002C,WBP1,wbp1-2,tsa581,2,2,9
YGR048W,UFD1,ufd1-2,tsa677,2,2,10
YDR002W,YRB1,yrb1-51,tsa582,2,2,11
YPL217C,BMS1,bms1-1,tsa678,2,2,12
YDR013W,PSF1,psf1-1,tsa583,2,2,13
YDR228C,PCF11,pcf11-ts10,tsa679,2,2,14
YLR249W,YEF3,yef3-f650s,tsa584,2,2,15
YDR228C,PCF11,pcf11-ts9,tsa680,2,2,16
YDR062W,LCB2,lcb2-16,tsa585,2,2,17
YOR020C,HSP10,hsp10-ts,tsa681,2,2,18
YDR062W,LCB2,lcb2-1,tsa586,2,2,19
YMR308C,PSE1,pse1-34,tsa682,2,2,20
YDR062W,LCB2,lcb2-19,tsa587,2,2,21
YMR308C,PSE1,pse1-41,tsa683,2,2,22
YER171W,RAD3,rad3-ts14,tsa588,2,2,23
YOR202W,HIS3,his3,tsa684,2,2,24
YOR202W,HIS3,his3,tsa397,2,3,1
YHR083W,SAM35,sam35-2,tsa493,2,3,2
YKL203C,TOR2,tor2-21,tsa398,2,3,3
YML046W,PRP39,prp39-1,tsa494,2,3,4
YDR373W,FRQ1,frq1-1,tsa399,2,3,5
YMR033W,ARP9,arp9-1,tsa495,2,3,6
YGR091W,PRP31,prp31-ts,tsa400,2,3,7
YJL039C,NUP192,nup192-15,tsa496,2,3,8
YJL203W,PRP21,prp21-ts,tsa401,2,3,9
YLR163C,MAS1,mas1-1,tsa497,2,3,10
YMR268C,PRP24,prp24-ts,tsa402,2,3,11
YKR008W,RSC4,rsc4-2,tsa498,2,3,12
YLR274W,MCM5,cdc46-1,tsa403,2,3,13
YJL104W,PAM16,pam16-3,tsa499,2,3,14
YOR212W,STE4,ste4,tsa404,2,3,15
YPR178W,PRP4,prp4-1,tsa500,2,3,16
YFR052W,RPN12,rpn12-1,tsa405,2,3,17
YLR008C,PAM18,pam18-1,tsa501,2,3,18
YDL102W,POL3,cdc2-1,tsa406,2,3,19
YER069W,"ARG5,6","arg5,6",tsa502,2,3,20
YJR057W,CDC8,cdc8-1,tsa407,2,3,21
YDR303C,RSC3,rsc3-1,tsa503,2,3,22
YAL041W,CDC24,cdc24-1,tsa408,2,3,23
YOR202W,HIS3,his3,tsa504,2,3,24
YOR202W,HIS3,his3,tsa589,2,4,1
YDR228C,PCF11,pcf11-2,tsa685,2,4,2
YEL002C,WBP1,wbp1-1,tsa590,2,4,3
YDR228C,PCF11,pcf11-ts2,tsa686,2,4,4
YFL038C,YPT1,ypt1-3,tsa591,2,4,5
YOR294W,RRS1,rrs1-124,tsa687,2,4,6
YGL098W,USE1,use1-ts,tsa592,2,4,7
YOR294W,RRS1,rrs1-84,tsa688,2,4,8
YER069W,"ARG5,6","arg5,6",tsa593,2,4,9
YPL010W,RET3,ret3-1,tsa689,2,4,10
YEL055C,POL5,pol5-2,tsa594,2,4,11
YLR195C,NMT1,nmt1-181,tsa690,2,4,12
YEL055C,POL5,pol5-1,tsa595,2,4,13
YPL255W,BBP1,bbp1-1,tsa691,2,4,14
YEL055C,POL5,pol5-3,tsa596,2,4,15
YKR062W,TFA2,tfa2-45,tsa692,2,4,16
YDL030W,PRP9,prp9-1,tsa597,2,4,17
YOR151C,RPB2,rpb2-6,tsa693,2,4,18
YKR086W,PRP16,prp16-2,tsa598,2,4,19
YLR103C,CDC45,cdc45-27,tsa694,2,4,20
YDR082W,STN1,stn1-13,tsa599,2,4,21
YML114C,TAF8,taf8-7,tsa695,2,4,22
YMR296C,LCB1,lcb1-5,tsa600,2,4,23
YOR202W,HIS3,his3,tsa696,2,4,24
YOR202W,HIS3,his3,tsa409,2,5,1
YOR232W,MGE1,mge1-100,tsa505,2,5,2
YAL041W,CDC24,cdc24-2,tsa410,2,5,3
YGL055W,OLE1,ole1-m2,tsa506,2,5,4
YGL154C,LYS5,lys5,tsa411,2,5,5
YIL126W,STH1,sth1-2,tsa507,2,5,6
YAL041W,CDC24,cdc24-3,tsa412,2,5,7
YAL001C,TFC3,tfc3-g349e,tsa508,2,5,8
YDR182W,CDC1,cdc1-2,tsa413,2,5,9
YBR198C,TAF5,taf5-3,tsa509,2,5,10
YDR182W,CDC1,cdc1-6,tsa414,2,5,11
YBL097W,BRN1,brn1-9,tsa510,2,5,12
YFL009W,CDC4,cdc4-2,tsa415,2,5,13
YBL097W,BRN1,brn1-16,tsa511,2,5,14
YFR028C,CDC14,cdc14-2,tsa416,2,5,15
YBR198C,TAF5,taf5-15,tsa512,2,5,16
YGL116W,CDC20,cdc20-2,tsa417,2,5,17
YBR198C,TAF5,taf5-20,tsa513,2,5,18
YNL258C,DSL1,dsl1-dc30,tsa418,2,5,19
YDR145W,TAF12,taf12-9,tsa514,2,5,20
YPL228W,CET1,cet1-2,tsa419,2,5,21
YDR145W,TAF12,taf12-w486stop,tsa515,2,5,22
YPL228W,CET1,cet1-15,tsa420,2,5,23
YOR202W,HIS3,his3,tsa516,2,5,24
YOR202W,HIS3,his3,tsa601,2,6,1
YMR028W,TAP42,tap42-11,tsa697,2,6,2
YMR296C,LCB1,lcb1-4,tsa602,2,6,3
YJR017C,ESS1,ess1-h164r,tsa698,2,6,4
YMR296C,LCB1,lcb1-2,tsa603,2,6,5
YKL028W,TFA1,tfa1-21,tsa699,2,6,6
YGR099W,TEL2,tel2-7,tsa604,2,6,7
YFR005C,SAD1,sad1-1,tsa700,2,6,8
YHR170W,NMD3,nmd3-4,tsa605,2,6,9
YDR311W,TFB1,tfb1-1,tsa701,2,6,10
YMR296C,LCB1,lcb1-10,tsa606,2,6,11
YMR213W,CEF1,cef1-13,tsa702,2,6,12
YGL120C,PRP43,prp43-ts2,tsa607,2,6,13
YOR212W,STE4,ste4,tsa703,2,6,14
YGL112C,TAF6,taf6-ts,tsa608,2,6,15
YDL145C,COP1,cop1-1,tsa704,2,6,16
YFL034C-B,MOB2,mob2-11,tsa609,2,6,17
YJR046W,TAH11,tah11-ts,tsa705,2,6,18
YFL034C-B,MOB2,mob2-22,tsa610,2,6,19
YPL124W,SPC29,spc29-20,tsa706,2,6,20
YFL034C-B,MOB2,mob2-34,tsa611,2,6,21
YPL124W,SPC29,spc29-3,tsa707,2,6,22
YFL034C-B,MOB2,mob2-40,tsa612,2,6,23
YOR202W,HIS3,his3,tsa708,2,6,24
YOR202W,HIS3,his3,tsa421,2,7,1
YDR145W,TAF12,taf12-l464a,tsa517,2,7,2
YMR013C,SEC59,sec59-ts,tsa422,2,7,3
YDR145W,TAF12,taf12-ts23,tsa518,2,7,4
YGL073W,HSF1,hsf1-848,tsa423,2,7,5
YER022W,SRB4,srb4-2,tsa519,2,7,6
YNL261W,ORC5,orc5-70,tsa424,2,7,7
YGL154C,LYS5,lys5,tsa520,2,7,8
YKR083C,DAD2,dad2-9,tsa425,2,7,9
YFR004W,RPN11,rpn11-8,tsa521,2,7,10
YMR277W,FCP1,fcp1-1-supp3,tsa426,2,7,11
YFR031C,SMC2,smc2-8,tsa522,2,7,12
YOR057W,SGT1,sgt1-5,tsa427,2,7,13
YGR245C,SDA1,sda1-2,tsa523,2,7,14
YPL252C,YAH1,yah1-ts,tsa428,2,7,15
YGR274C,TAF1,taf1-1,tsa524,2,7,16
YOR122C,PFY1,pfy1-14,tsa429,2,7,17
YGR274C,TAF1,taf1-2,tsa525,2,7,18
YGR006W,PRP18,prp18-1202,tsa430,2,7,19
YHR024C,MAS2,mas2-10,tsa526,2,7,20
YJL050W,MTR4,mtr4-1,tsa431,2,7,21
YKL125W,RRN3,rrn3-s213p,tsa527,2,7,22
YLR272C,YCS4,ycs4-1,tsa432,2,7,23
YOR202W,HIS3,his3,tsa528,2,7,24
YOR202W,HIS3,his3,tsa613,2,8,1
YGL154C,LYS5,lys5,tsa709,2,8,2
YGR158C,MTR3,mtr3-ts,tsa614,2,8,3
YML105C,SEC65,sec65-1,tsa710,2,8,4
YIL021W,RPB3,rpb3-2,tsa615,2,8,5
YDL087C,LUC7,luc7-1,tsa711,2,8,6
YFL034C-B,MOB2,mob2-8,tsa616,2,8,7
YDR478W,SNM1,snm1-172,tsa712,2,8,8
YIR012W,SQT1,sqt1-201,tsa617,2,8,9
YHR052W,CIC1,cic1-2,tsa713,2,8,10
YJL081C,ARP4,arp4-g161d,tsa618,2,8,11
YDL217C,TIM22,tim22-19,tsa714,2,8,12
YKL006C-A,SFT1,sft1-15,tsa619,2,8,13
YDR311W,TFB1,tfb1-6,tsa715,2,8,14
YJL125C,GCD14,gcd14-4,tsa620,2,8,15
YBR211C,AME1,ame1-4,tsa716,2,8,16
YKL173W,SNU114,snu114-60,tsa621,2,8,17
YLR212C,TUB4,tub4-y445d,tsa717,2,8,18
YKL173W,SNU114,snu114-40,tsa622,2,8,19
YLR212C,TUB4,tub4-d,tsa718,2,8,20
YLR066W,SPC3,spc3-4,tsa623,2,8,21
YDL008W,APC11,apc11-22,tsa719,2,8,22
YNL061W,NOP2,nop2-3,tsa624,2,8,23
YOR202W,HIS3,his3,tsa720,2,8,24
YOR202W,HIS3,his3,tsa433,2,9,1
YKL172W,EBP2,ebp2-1,tsa529,2,9,2
YGR006W,PRP18,prp18-ts,tsa434,2,9,3
YOR341W,RPA190,rpa190-1,tsa530,2,9,4
YIR010W,DSN1,dsn1-7,tsa435,2,9,5
YPL028W,ERG10,erg10-1,tsa531,2,9,6
YIR010W,DSN1,dsn1-8,tsa436,2,9,7
YOR341W,RPA190,rpa190-g728d,tsa532,2,9,8
YJL019W,MPS3,mps3-1,tsa437,2,9,9
YEL019C,MMS21,mms21-1,tsa533,2,9,10
YJR112W,NNF1,nnf1-17,tsa438,2,9,11
YFR004W,RPN11,rpn11-14,tsa534,2,9,12
YJR112W,NNF1,nnf1-48,tsa439,2,9,13
YBL105C,PKC1,pkc1-ts,tsa535,2,9,14
YJR112W,NNF1,nnf1-77,tsa440,2,9,15
YGL234W,"ADE5,7","ade5,7",tsa536,2,9,16
YDL058W,USO1,uso1-1,tsa441,2,9,17
YBL105C,PKC1,pkc1-1,tsa537,2,9,18
YNL062C,GCD10,gcd10-506,tsa442,2,9,19
YBL105C,PKC1,pkc1-2,tsa538,2,9,20
YGL075C,MPS2,mps2-1,tsa443,2,9,21
YBL105C,PKC1,pkc1-4,tsa539,2,9,22
YGL075C,MPS2,mps2-2,tsa444,2,9,23
YOR202W,HIS3,his3,tsa540,2,9,24
YOR202W,HIS3,his3,tsa625,2,10,1
YDR238C,SEC26,sec26-f856aw860a,tsa721,2,10,2
YNL061W,NOP2,nop2-5,tsa626,2,10,3
YDR238C,SEC26,sec26-11d26,tsa722,2,10,4
YNL061W,NOP2,nop2-4-supp1,tsa627,2,10,5
YER090W,TRP2,trp2,tsa723,2,10,6
YNL061W,NOP2,nop2-6,tsa628,2,10,7
YHR069C,RRP4,rrp4-1,tsa724,2,10,8
YML069W,POB3,pob3-7,tsa629,2,10,9
YLR440C,SEC39,sec39-1,tsa725,2,10,10
YNL061W,NOP2,nop2-9,tsa630,2,10,11
YLR440C,SEC39,sec39-2,tsa726,2,10,12
YOR212W,STE4,ste4,tsa631,2,10,13
YOL034W,SMC5,smc5-6,tsa727,2,10,14
YLR298C,YHC1,yhc1-1,tsa632,2,10,15
YDR021W,FAL1,fal1-1,tsa728,2,10,16
YLR298C,YHC1,yhc1-2,tsa633,2,10,17
YDL143W,CCT4,cct4-1,tsa729,2,10,18
YMR197C,VTI1,vti1-2,tsa634,2,10,19
YMR236W,TAF9,taf9-ts2,tsa730,2,10,20
YMR197C,VTI1,vti1-11-supp1,tsa635,2,10,21
YKL154W,SRP102,srp102-510,tsa731,2,10,22
YML098W,TAF13,taf13-2,tsa636,2,10,23
YOR202W,HIS3,his3,tsa732,2,10,24
YOR202W,HIS3,his3,tsa445,2,11,1
YBL105C,PKC1,pkc1-3,tsa541,2,11,2
YGL093W,SPC105,spc105-15,tsa446,2,11,3
YBR247C,ENP1,enp1-1,tsa542,2,11,4
YGR103W,NOP7,nop7-1,tsa447,2,11,5
YBR265W,TSC10,tsc10-1,tsa543,2,11,6
YDR212W,TCP1,tcp1-2,tsa448,2,11,7
YGL022W,STT3,stt3-7,tsa544,2,11,8
YKL042W,SPC42,spc42-11,tsa449,2,11,9
YLR045C,STU2,stu2-11,tsa545,2,11,10
YPL233W,NSL1,nsl1-5,tsa450,2,11,11
YGL137W,SEC27,sec27-1,tsa546,2,11,12
YKL042W,SPC42,spc42-10,tsa451,2,11,13
YGR211W,ZPR1,zpr1-1,tsa547,2,11,14
YPL233W,NSL1,nsl1-6,tsa452,2,11,15
YGR216C,GPI1,gpi1-1,tsa548,2,11,16
YER069W,"ARG5,6","arg5,6",tsa453,2,11,17
YLR045C,STU2,stu2-10,tsa549,2,11,18
YBL034C,STU1,stu1-8,tsa454,2,11,19
YLR045C,STU2,stu2-12,tsa550,2,11,20
YBR055C,PRP6,prp6-1,tsa455,2,11,21
YGL022W,STT3,stt3-2,tsa551,2,11,22
YIL109C,SEC24,sec24-20,tsa456,2,11,23
YOR202W,HIS3,his3,tsa552,2,11,24
YOR202W,HIS3,his3,tsa637,2,12,1
YDR292C,SRP101,srp101-47,tsa733,2,12,2
YMR227C,TAF7,taf7-ts1,tsa638,2,12,3
YOR272W,YTM1,ytm1-1,tsa734,2,12,4
YMR240C,CUS1,cus1-3,tsa639,2,12,5
YJL002C,OST1,ost1-6,tsa735,2,12,6
YNR003C,RPC34,rpc34-1,tsa640,2,12,7
YEL034W,HYP2,hyp2-1,tsa736,2,12,8
YOR046C,DBP5,dbp5-1,tsa641,2,12,9
YEL034W,HYP2,hyp2-3,tsa737,2,12,10
YPR110C,RPC40,rpc40-v78r,tsa642,2,12,11
YOR174W,MED4,med4-6,tsa738,2,12,12
YBL034C,STU1,stu1-6,tsa643,2,12,13
YOL135C,MED7,med7-163,tsa739,2,12,14
YKR086W,PRP16,prp16-ts,tsa644,2,12,15
YOL135C,MED7,med7-141,tsa740,2,12,16
YML015C,TAF11,taf11-ts2,tsa645,2,12,17
YBR193C,MED8,med8-51,tsa741,2,12,18
YER090W,TRP2,trp2,tsa646,2,12,19
YGL001C,ERG26,erg26-1,tsa742,2,12,20
YLR298C,YHC1,yhc1-7,tsa647,2,12,21
YNL118C,DCP2,dcp2-7,tsa743,2,12,22
YIL143C,SSL2,ssl2-ts,tsa648,2,12,23
YOR202W,HIS3,his3,tsa744,2,12,24
YOR202W,HIS3,his3,tsa457,2,13,1
YIL115C,NUP159,nup159-1,tsa553,2,13,2
YIL150C,MCM10,mcm10-43,tsa458,2,13,3
YER090W,TRP2,trp2,tsa554,2,13,4
YLL003W,SFI1,sfi1-7,tsa459,2,13,5
YLR045C,STU2,stu2-13,tsa555,2,13,6
YGR218W,CRM1,crm1-1,tsa460,2,13,7
YNL075W,IMP4,imp4-2,tsa556,2,13,8
YGL065C,ALG2,alg2-1,tsa461,2,13,9
YOR204W,DED1,ded1-199,tsa557,2,13,10
YPL076W,GPI2,gpi2-1-7b,tsa462,2,13,11
YNL216W,RAP1,rap1-1,tsa558,2,13,12
YPL076W,GPI2,gpi2-774,tsa463,2,13,13
YNL216W,RAP1,rap1-2,tsa559,2,13,14
YER125W,RSP5,rsp5-sm1,tsa464,2,13,15
YOR244W,ESA1,esa1-l254p,tsa560,2,13,16
YER125W,RSP5,rsp5-3,tsa465,2,13,17
YOR204W,DED1,ded1-95,tsa561,2,13,18
YNL006W,LST8,lst8-6,tsa466,2,13,19
YOR212W,STE4,ste4,tsa562,2,13,20
YNL006W,LST8,lst8-15,tsa467,2,13,21
YOR244W,ESA1,esa1-d414,tsa563,2,13,22
YGL234W,"ADE5,7","ade5,7",tsa468,2,13,23
YOR202W,HIS3,his3,tsa564,2,13,24
YOR202W,HIS3,his3,tsa649,2,14,1
YOR249C,APC5,apc5-ca-paps,tsa745,2,14,2
YFL029C,CAK1,cak1-23,tsa650,2,14,3
YOR249C,APC5,apc5-ca,tsa746,2,14,4
YGL154C,LYS5,lys5,tsa651,2,14,5
YLR383W,SMC6,smc6-9,tsa747,2,14,6
YGL044C,RNA15,rna15-58,tsa652,2,14,7
YGR074W,SMD1,smd1-1,tsa748,2,14,8
YJL173C,RFA3,rfa3-313,tsa653,2,14,9
YEL034W,HYP2,hyp2-1159-supp1,tsa749,2,14,10
YIL118W,RHO3,rho3-1,tsa654,2,14,11
YEL034W,HYP2,hyp2-2,tsa750,2,14,12
YJL091C,GWT1,gwt1-20,tsa655,2,14,13
YBR193C,MED8,med8-39,tsa751,2,14,14
YDR088C,SLU7,slu7-ts1,tsa656,2,14,15
YLR005W,SSL1,ssl1-t242i,tsa752,2,14,16
YDR088C,SLU7,slu7-ts2,tsa657,2,14,17
YER069W,"ARG5,6","arg5,6",tsa753,2,14,18
YER093C,TSC11,tsc11-1,tsa658,2,14,19
YNL118C,DCP2,dcp2-7d,tsa754,2,14,20
YER093C,TSC11,tsc11-7,tsa659,2,14,21
YOL069W,NUF2,nuf2-61,tsa755,2,14,22
YPL043W,NOP4,nop4-3,tsa660,2,14,23
YOR202W,HIS3,his3,tsa756,2,14,24
YOR202W,HIS3,his3,tsa469,2,15,1
YOR244W,ESA1,esa1-1851,tsa565,2,15,2
YNR035C,ARC35,arc35-5,tsa470,2,15,3
YPL020C,ULP1,ulp1-333,tsa566,2,15,4
YNR035C,ARC35,arc35-6,tsa471,2,15,5
YBR155W,CNS1,cns1-1,tsa567,2,15,6
YGR091W,PRP31,prp31-1,tsa472,2,15,7
YBR123C,TFC1,tfc1-e447k,tsa568,2,15,8
YER018C,SPC25,spc25-1,tsa473,2,15,9
YOR329C,SCD5,scd5-d338,tsa569,2,15,10
YPL175W,SPT14,spt14-1-10c,tsa474,2,15,11
YOR329C,SCD5,scd5-pp1d2,tsa570,2,15,12
YLL003W,SFI1,sfi1-3,tsa475,2,15,13
YBR058C-A,TSC3,tsc3-2,tsa571,2,15,14
YER148W,SPT15,spt15-p65s,tsa476,2,15,15
YKL193C,SDS22,sds22-5,tsa572,2,15,16
YGR156W,PTI1,pti1-ts7-supp1,tsa477,2,15,17
YKL193C,SDS22,sds22-6,tsa573,2,15,18
YGR246C,BRF1,brf1-w107r,tsa478,2,15,19
YDR243C,PRP28,prp28-101,tsa574,2,15,20
YNR053C,NOG2,nog2-1,tsa479,2,15,21
YDR062W,LCB2,lcb2-2,tsa575,2,15,22
YGR075C,PRP38,prp38-1,tsa480,2,15,23
YOR202W,HIS3,his3,tsa576,2,15,24
YOR202W,HIS3,his3,tsa661,2,16,1
YOR202W,HIS3,his3,tsa757,2,16,2
YOR202W,HIS3,his3,tsa662,2,16,3
YOR202W,HIS3,his3,tsa758,2,16,4
YOR202W,HIS3,his3,tsa663,2,16,5
YOR202W,HIS3,his3,tsa759,2,16,6
YOR202W,HIS3,his3,tsa664,2,16,7
YOR202W,HIS3,his3,tsa760,2,16,8
YOR202W,HIS3,his3,tsa665,2,16,9
YOR202W,HIS3,his3,tsa761,2,16,10
YOR202W,HIS3,his3,tsa666,2,16,11
YOR202W,HIS3,his3,tsa762,2,16,12
YOR202W,HIS3,his3,tsa667,2,16,13
YOR202W,HIS3,his3,tsa763,2,16,14
YOR202W,HIS3,his3,tsa668,2,16,15
YOR202W,HIS3,his3,tsa764,2,16,16
YOR202W,HIS3,his3,tsa669,2,16,17
YOR202W,HIS3,his3,tsa765,2,16,18
YOR202W,HIS3,his3,tsa670,2,16,19
YOR202W,HIS3,his3,tsa766,2,16,20
YOR202W,HIS3,his3,tsa671,2,16,21
YOR202W,HIS3,his3,tsa767,2,16,22
YOR202W,HIS3,his3,tsa672,2,16,23
YOR202W,HIS3,his3,tsa768,2,16,24
YOR202W,HIS3,his3,tsa769,3,1,1
YOR202W,HIS3,his3,tsa865,3,1,2
YOR202W,HIS3,his3,tsa770,3,1,3
YOR202W,HIS3,his3,tsa866,3,1,4
YOR202W,HIS3,his3,tsa771,3,1,5
YOR202W,HIS3,his3,tsa867,3,1,6
YOR202W,HIS3,his3,tsa772,3,1,7
YOR202W,HIS3,his3,tsa868,3,1,8
YOR202W,HIS3,his3,tsa773,3,1,9
YOR202W,HIS3,his3,tsa869,3,1,10
YOR202W,HIS3,his3,tsa774,3,1,11
YOR202W,HIS3,his3,tsa870,3,1,12
YOR202W,HIS3,his3,tsa775,3,1,13
YOR202W,HIS3,his3,tsa871,3,1,14
YOR202W,HIS3,his3,tsa776,3,1,15
YOR202W,HIS3,his3,tsa872,3,1,16
YOR202W,HIS3,his3,tsa777,3,1,17
YOR202W,HIS3,his3,tsa873,3,1,18
YOR202W,HIS3,his3,tsa778,3,1,19
YOR202W,HIS3,his3,tsa874,3,1,20
YOR202W,HIS3,his3,tsa779,3,1,21
YOR202W,HIS3,his3,tsa875,3,1,22
YOR202W,HIS3,his3,tsa780,3,1,23
YOR202W,HIS3,his3,tsa876,3,1,24
YOR202W,HIS3,his3,tsa961,3,2,1
BLANK,BLANK,,,3,2,2
YOR202W,HIS3,his3,tsa962,3,2,3
BLANK,BLANK,,,3,2,4
YOR202W,HIS3,his3,tsa963,3,2,5
YOR004W,UTP23,utp23-5001,tsa1057,3,2,6
YOR202W,HIS3,his3,tsa964,3,2,7
YDR489W,SLD5,sld5-5001,tsa1058,3,2,8
YOR202W,HIS3,his3,tsa965,3,2,9
YMR298W,LIP1,lip1-5001,tsa1059,3,2,10
YOR202W,HIS3,his3,tsa966,3,2,11
BLANK,BLANK,,,3,2,12
YOR202W,HIS3,his3,tsa967,3,2,13
YBR079C,RPG1,rpg1-5001,tsa1060,3,2,14
YOR202W,HIS3,his3,tsa968,3,2,15
YBR070C,ALG14,alg14-5001,tsa1061,3,2,16
YOR202W,HIS3,his3,tsa969,3,2,17
BLANK,BLANK,,,3,2,18
YOR202W,HIS3,his3,tsa970,3,2,19
YBR011C,IPP1,ipp1-5001,tsa1062,3,2,20
YOR202W,HIS3,his3,tsa971,3,2,21
YBR029C,CDS1,cds1-5001,tsa1063,3,2,22
YOR202W,HIS3,his3,tsa972,3,2,23
YBL041W,PRE7,pre7-5001,tsa1064,3,2,24
YOR202W,HIS3,his3,tsa781,3,3,1
YOR202W,HIS3,his3,tsa877,3,3,2
YDR212W,TCP1,tcp1-1,tsa782,3,3,3
YFL009W,CDC4,cdc4-1,tsa878,3,3,4
YDL008W,APC11,apc11-13,tsa783,3,3,5
YMR001C,CDC5,cdc5-1,tsa879,3,3,6
YDR362C,TFC6,tfc6-m1,tsa784,3,3,7
YDL017W,CDC7,cdc7-1,tsa880,3,3,8
YDR394W,RPT3,rpt3-1,tsa785,3,3,9
YDL220C,CDC13,cdc13-1,tsa881,3,3,10
YER006W,NUG1,nug1-2,tsa786,3,3,11
YAR019C,CDC15,cdc15-2,tsa882,3,3,12
YFL034C-B,MOB2,mob2-26-supp1,tsa787,3,3,13
YKL022C,CDC16,cdc16-1,tsa883,3,3,14
YFL034C-B,MOB2,mob2-38,tsa788,3,3,15
YOR236W,DFR1,dfr1-td,tsa884,3,3,16
YFL039C,ACT1,act1-2,tsa789,3,3,17
YLR314C,CDC3,cdc3-1,tsa885,3,3,18
YGL022W,STT3,stt3-1,tsa790,3,3,19
YDL029W,ARP2,arp2-14,tsa886,3,3,20
YHR005C,GPA1,gpa1-ts,tsa791,3,3,21
YBR087W,RFC5,rfc5-1,tsa887,3,3,22
YIL004C,BET1,bet1-1,tsa792,3,3,23
YIL062C,ARC15,arc15-10,tsa888,3,3,24
YOR202W,HIS3,his3,tsa973,3,4,1
YBL026W,LSM2,lsm2-5001,tsa1065,3,4,2
YDL132W,CDC53,cdc53-1,tsa974,3,4,3
YAL025C,MAK16,mak16-5001,tsa1066,3,4,4
YDL132W,CDC53,cdc53-1,tsa975,3,4,5
BLANK,BLANK,,,3,4,6
YDL084W,SUB2,sub2-1,tsa976,3,4,7
YHR040W,BCD1,bcd1-5001,tsa1067,3,4,8
YGL092W,NUP145,nup145-r4,tsa977,3,4,9
BLANK,BLANK,,,3,4,10
YGR098C,ESP1,esp1-1,tsa978,3,4,11
YBR253W,SRB6,srb6-5001,tsa1068,3,4,12
YGL154C,LYS5,lys5,tsa979,3,4,13
YCL052C,PBN1,pbn1-5001,tsa1069,3,4,14
YGR172C,YIP1,yip1-4,tsa980,3,4,15
BLANK,BLANK,,,3,4,16
YGR172C,YIP1,yip1-40,tsa981,3,4,17
YBR234C,ARC40,arc40-5001,tsa1070,3,4,18
YML049C,RSE1,rse1-1,tsa982,3,4,19
BLANK,BLANK,,,3,4,20
YMR076C,PDS5,pds5-1,tsa983,3,4,21
YBR121C,GRS1,grs1-5001,tsa1071,3,4,22
YPL266W,DIM1,dim1-2,tsa984,3,4,23
YBL040C,ERD2,erd2-5001,tsa1072,3,4,24
YOR202W,HIS3,his3,tsa793,3,5,1
YOR202W,HIS3,his3,tsa889,3,5,2
YJR006W,POL31,hys2-ts,tsa794,3,5,3
YDR196C,CAB5,cab5-1,tsa890,3,5,4
YKL165C,MCD4,mcd4-174,tsa795,3,5,5
YOR257W,CDC31,cdc31-1,tsa891,3,5,6
YLR145W,RMP1,rmp1-ts,tsa796,3,5,7
YKL189W,HYM1,hym1-15,tsa892,3,5,8
YML098W,TAF13,taf13-1,tsa797,3,5,9
YKL018W,SWD2,swd2-1,tsa893,3,5,10
YER069W,"ARG5,6","arg5,6",tsa798,3,5,11
YJR065C,ARP3,arp3-31,tsa894,3,5,12
YMR112C,MED11,med11-ts,tsa799,3,5,13
YGR002C,SWC4,swc4-4,tsa895,3,5,14
YNL138W,SRV2,srv2-2,tsa800,3,5,15
YJL097W,PHS1,phs1-1,tsa896,3,5,16
YLR115W,CFT2,cft2-1,tsa801,3,5,17
YNL102W,POL1,pol1-12,tsa897,3,5,18
YCR042C,TAF2,taf2-1,tsa802,3,5,19
YGL116W,CDC20,cdc20-1,tsa898,3,5,20
YDL014W,NOP1,nop1-2,tsa803,3,5,21
YCR002C,CDC10,cdc10-5,tsa899,3,5,22
YDL140C,RPO21,rpo21-1,tsa804,3,5,23
YPR181C,SEC23,sec23-1,tsa900,3,5,24
YOR202W,HIS3,his3,tsa985,3,6,1
BLANK,BLANK,,,3,6,2
YER147C,SCC4,scc4-4,tsa986,3,6,3
YBR153W,RIB7,rib7-5001,tsa1073,3,6,4
YAL003W,EFB1,efb1-4,tsa987,3,6,5
YBR167C,POP7,pop7-5001,tsa1074,3,6,6
YDR050C,TPI1,tpi1-1670,tsa988,3,6,7
YBR152W,SPP381,spp381-5001,tsa1075,3,6,8
YKL104C,GFA1,gfa1-97,tsa989,3,6,9
YDR044W,HEM13,hem13-5001,tsa1076,3,6,10
YBR079C,RPG1,rpg1-1,tsa990,3,6,11
YDR016C,DAD1,dad1-5005,tsa1077,3,6,12
YDL105W,NSE4,nse4-ts1,tsa991,3,6,13
YDR045C,RPC11,rpc11-5001,tsa1078,3,6,14
YDL105W,NSE4,nse4-ts3,tsa992,3,6,15
BLANK,BLANK,,,3,6,16
YDL105W,NSE4,nse4-ts4,tsa993,3,6,17
BLANK,BLANK,,,3,6,18
YDR288W,NSE3,nse3-ts3,tsa994,3,6,19
BLANK,BLANK,,,3,6,20
YDR288W,NSE3,nse3-ts4,tsa995,3,6,21
YDL098C,SNU23,snu23-5001,tsa1079,3,6,22
YER038C,KRE29,kre29-ts2,tsa996,3,6,23
BLANK,BLANK,,,3,6,24
YOR202W,HIS3,his3,tsa805,3,7,1
YOR202W,HIS3,his3,tsa901,3,7,2
YDR145W,TAF12,taf12-l446a,tsa806,3,7,3
YNL222W,SSU72,ssu72-2,tsa902,3,7,4
YDR182W,CDC1,cdc1-4,tsa807,3,7,5
YDR208W,MSS4,mss4-102,tsa903,3,7,6
YDR228C,PCF11,pcf11-1,tsa808,3,7,7
YFL039C,ACT1,act1-108,tsa904,3,7,8
YDR328C,SKP1,skp1-3,tsa809,3,7,9
YOR335C,ALA1,ala1-1,tsa905,3,7,10
YEL026W,SNU13,snu13-l67w,tsa810,3,7,11
YGL048C,RPT6,rpt6-1-supp1,tsa906,3,7,12
YER093C,TSC11,tsc11-5,tsa811,3,7,13
YGL048C,RPT6,rpt6-20,tsa907,3,7,14
YER148W,SPT15,spt15-i143n,tsa812,3,7,15
YLR071C,RGR1,rgr1-100,tsa908,3,7,16
YFL034C-B,MOB2,mob2-24,tsa813,3,7,17
YFL039C,ACT1,act1-105,tsa909,3,7,18
YFL034C-B,MOB2,mob2-36,tsa814,3,7,19
YFL039C,ACT1,act1-159,tsa910,3,7,20
YGL154C,LYS5,lys5,tsa815,3,7,21
YFL039C,ACT1,act1-121,tsa911,3,7,22
YPL169C,MEX67,mex67-ts5,tsa816,3,7,23
YOR181W,LAS17,las17-1,tsa912,3,7,24
YOR202W,HIS3,his3,tsa997,3,8,1
YDL147W,RPN5,rpn5-5001,tsa1080,3,8,2
YFR037C,RSC8,rsc8-ts16,tsa998,3,8,3
BLANK,BLANK,,,3,8,4
YFR037C,RSC8,rsc8-ts21,tsa999,3,8,5
BLANK,BLANK,,,3,8,6
YHR088W,RPF1,rpf1-1,tsa1000,3,8,7
YER003C,PMI40,pmi40-5001,tsa1081,3,8,8
YIL147C,SLN1,sln1-ts4,tsa1001,3,8,9
YER023W,PRO3,pro3-5001,tsa1082,3,8,10
YKL052C,ASK1,ask1-3,tsa1002,3,8,11
BLANK,BLANK,,,3,8,12
YKL052C,ASK1,ask1-2,tsa1003,3,8,13
YFL022C,FRS2,frs2-5001,tsa1083,3,8,14
YML023C,NSE5,nse5-ts1,tsa1004,3,8,15
YGL011C,SCL1,scl1-5001,tsa1084,3,8,16
YML023C,NSE5,nse5-ts2,tsa1005,3,8,17
BLANK,BLANK,,,3,8,18
YML023C,NSE5,nse5-ts3,tsa1006,3,8,19
BLANK,BLANK,,,3,8,20
YML023C,NSE5,nse5-ts4,tsa1007,3,8,21
BLANK,BLANK,,,3,8,22
YPR016C,TIF6,tif6-ts1,tsa1008,3,8,23
BLANK,BLANK,,,3,8,24
YOR202W,HIS3,his3,tsa817,3,9,1
YOR202W,HIS3,his3,tsa913,3,9,2
YPR168W,NUT2,nut2-ts,tsa818,3,9,3
YOR048C,RAT1,rat1-1,tsa914,3,9,4
YPR178W,PRP4,prp4-ts,tsa819,3,9,5
YPR103W,PRE2,pre2-1-supp1,tsa915,3,9,6
YGL234W,"ADE5,7","ade5,7",tsa820,3,9,7
YPR103W,PRE2,pre2-127,tsa916,3,9,8
YAR019C,CDC15,cdc15-1,tsa821,3,9,9
YPR103W,PRE2,pre2-2,tsa917,3,9,10
YBL034C,STU1,stu1-12,tsa822,3,9,11
YPR103W,PRE2,pre2-75,tsa918,3,9,12
YFR051C,RET2,ret2-1,tsa823,3,9,13
YDL207W,GLE1,gle1-2,tsa919,3,9,14
YGL093W,SPC105,spc105-4,tsa824,3,9,15
YDL207W,GLE1,gle1-4,tsa920,3,9,16
YBR154C,RPB5,rpb5-h147r,tsa825,3,9,17
YPR103W,PRE2,pre2-v214a,tsa921,3,9,18
YDL126C,CDC48,cdc48-1,tsa826,3,9,19
YPL160W,CDC60,cdc60-ts,tsa922,3,9,20
YJR093C,FIP1,fip1-433,tsa827,3,9,21
YBR135W,CKS1,cks1-35,tsa923,3,9,22
YNR043W,MVD1,mvd1-1296,tsa828,3,9,23
YOR181W,LAS17,las17-13,tsa924,3,9,24
YOR202W,HIS3,his3,tsa1009,3,10,1
BLANK,BLANK,,,3,10,2
YPR016C,TIF6,tif6-ts4,tsa1010,3,10,3
YDR235W,PRP42,prp42-5001,tsa1085,3,10,4
YPR133C,SPN1,spn1-k192n,tsa1011,3,10,5
BLANK,BLANK,,,3,10,6
YDR437W,GPI19,gpi19-2xh,tsa1012,3,10,7
BLANK,BLANK,,,3,10,8
YDL105W,NSE4,nse4-ts2,tsa1013,3,10,9
YDR280W,RRP45,rrp45-5001,tsa1086,3,10,10
YDR437W,GPI19,gpi19-2,tsa1014,3,10,11
BLANK,BLANK,,,3,10,12
YBL093C,ROX3,rox3-182,tsa1015,3,10,13
BLANK,BLANK,,,3,10,14
YDR188W,CCT6,cct6-18,tsa1016,3,10,15
BLANK,BLANK,,,3,10,16
YHR058C,MED6,med6-ts,tsa1017,3,10,17
YEL026W,SNU13,snu13-5001,tsa1087,3,10,18
YER069W,"ARG5,6","arg5,6",tsa1018,3,10,19
BLANK,BLANK,,,3,10,20
YNL163C,RIA1,ria1-ts,tsa1019,3,10,21
YDR118W,APC4,apc4-5001,tsa1088,3,10,22
YLR186W,EMG1,emg1-1-supp1,tsa1020,3,10,23
BLANK,BLANK,,,3,10,24
YOR202W,HIS3,his3,tsa829,3,11,1
YOR202W,HIS3,his3,tsa925,3,11,2
YOR057W,SGT1,sgt1-3,tsa830,3,11,3
YFR028C,CDC14,cdc14-8,tsa926,3,11,4
YOR116C,RPO31,rpo31-698,tsa831,3,11,5
YOR074C,CDC21,cdc21-1,tsa927,3,11,6
YPR086W,SUA7,sua7-c149r,tsa832,3,11,7
YDR510W,SMT3,smt3-331,tsa928,3,11,8
YML010W,SPT5,spt5-194,tsa833,3,11,9
YJL019W,MPS3,mps3-7,tsa929,3,11,10
YGR116W,SPT6,spt6-14,tsa834,3,11,11
YPR034W,ARP7,arp7-e411k,tsa930,3,11,12
YGR156W,PTI1,pti1-ts1-supp1,tsa835,3,11,13
YIL126W,STH1,sth1-3,tsa931,3,11,14
YIL118W,RHO3,rho3-ser228,tsa836,3,11,15
YOR204W,DED1,ded1-f144c,tsa932,3,11,16
YKL112W,ABF1,abf1-101,tsa837,3,11,17
YBR143C,SUP45,sup45-ts,tsa933,3,11,18
YKL203C,TOR2,tor2-29,tsa838,3,11,19
YDL007W,RPT2,rpt2-rf,tsa934,3,11,20
YKR037C,SPC34,spc34-5,tsa839,3,11,21
YFL034C-B,MOB2,mob2-14,tsa935,3,11,22
YLR298C,YHC1,yhc1-3,tsa840,3,11,23
YFL034C-B,MOB2,mob2-28,tsa936,3,11,24
YOR202W,HIS3,his3,tsa1021,3,12,1
BLANK,BLANK,,,3,12,2
YOR212W,STE4,ste4,tsa1022,3,12,3
YKL196C,YKT6,ykt6-5001,tsa1089,3,12,4
YLR430W,SEN1,sen1-1,tsa1023,3,12,5
BLANK,BLANK,,,3,12,6
YLR430W,SEN1,sen1-1,tsa1024,3,12,7
BLANK,BLANK,,,3,12,8
YOL144W,NOP8,nop8-101,tsa1025,3,12,9
BLANK,BLANK,,,3,12,10
YLR022C,SDO1,sdo1-vma1-ts,tsa1026,3,12,11
YKR068C,BET3,bet3-5001,tsa1090,3,12,12
YPR161C,SGV1,sgv1-23,tsa1027,3,12,13
BLANK,BLANK,,,3,12,14
YPR161C,SGV1,sgv1-80,tsa1028,3,12,15
BLANK,BLANK,,,3,12,16
YPR161C,SGV1,sgv1-35,tsa1029,3,12,17
BLANK,BLANK,,,3,12,18
YOL021C,DIS3,dis3-1,tsa1030,3,12,19
BLANK,BLANK,,,3,12,20
YKL024C,URA6,ura6-4,tsa1031,3,12,21
YDL111C,RRP42,rrp42-5001,tsa1091,3,12,22
YKL024C,URA6,ura6-5,tsa1032,3,12,23
YGR278W,CWC22,cwc22-5001,tsa1092,3,12,24
YOR202W,HIS3,his3,tsa841,3,13,1
YOR202W,HIS3,his3,tsa937,3,13,2
YLR298C,YHC1,yhc1-6,tsa842,3,13,3
YGR099W,TEL2,tel2-15,tsa938,3,13,4
YOR212W,STE4,ste4,tsa843,3,13,5
YFL034C-B,MOB2,mob2-19,tsa939,3,13,6
YLR298C,YHC1,yhc1-8,tsa844,3,13,7
YFL034C-B,MOB2,mob2-20,tsa940,3,13,8
YMR168C,CEP3,cep3-2,tsa845,3,13,9
YNL061W,NOP2,nop2-10,tsa941,3,13,10
YML069W,POB3,pob3-l78r,tsa846,3,13,11
YMR005W,TAF4,taf4-18,tsa942,3,13,12
YML069W,POB3,pob3-q308k,tsa847,3,13,13
YOL123W,HRP1,hrp1-7,tsa943,3,13,14
YJL085W,EXO70,exo70-38,tsa848,3,13,15
YOR046C,DBP5,dbp5-2,tsa944,3,13,16
YOR149C,SMP3,smp3-1,tsa849,3,13,17
YPR033C,HTS1,hts1-1,tsa945,3,13,18
YOR260W,GCD1,gcd1-502,tsa850,3,13,19
YLR215C,CDC123,cdc123-4,tsa946,3,13,20
YDL126C,CDC48,cdc48-4601,tsa851,3,13,21
YIL046W,MET30,met30-9,tsa947,3,13,22
YDL195W,SEC31,sec31-1,tsa852,3,13,23
YIL046W,MET30,met30-6,tsa948,3,13,24
YOR202W,HIS3,his3,tsa1033,3,14,1
BLANK,BLANK,,,3,14,2
YKL024C,URA6,ura6-6,tsa1034,3,14,3
BLANK,BLANK,,,3,14,4
YDL097C,RPN6,rpn6-1,tsa1035,3,14,5
YDL103C,QRI1,qri1-5001,tsa1093,3,14,6
YDL147W,RPN5,rpn5-1,tsa1036,3,14,7
YHR058C,MED6,med6-5001,tsa1094,3,14,8
YPR108W,RPN7,rpn7-3,tsa1037,3,14,9
YHR088W,RPF1,rpf1-5001,tsa1095,3,14,10
YHR036W,BRL1,brl1-2221,tsa1038,3,14,11
YJR093C,FIP1,fip1-5001,tsa1096,3,14,12
YHR036W,BRL1,brl1-3231,tsa1039,3,14,13
YKL021C,MAK11,mak11-5001,tsa1097,3,14,14
YER090W,TRP2,trp2,tsa1040,3,14,15
YKR081C,RPF2,rpf2-5001,tsa1098,3,14,16
YHR036W,BRL1,brl1-c371r,tsa1041,3,14,17
YJL035C,TAD2,tad2-5001,tsa1099,3,14,18
YHR036W,BRL1,brl1-c371s,tsa1042,3,14,19
BLANK,BLANK,,,3,14,20
YHR036W,BRL1,brl1-k405i,tsa1043,3,14,21
YIL104C,SHQ1,shq1-5001,tsa1100,3,14,22
YLR007W,NSE1,nse1-16,tsa1044,3,14,23
YLL011W,SOF1,sof1-5001,tsa1101,3,14,24
YOR202W,HIS3,his3,tsa853,3,15,1
YOR202W,HIS3,his3,tsa949,3,15,2
YDR141C,DOP1,dop1-1,tsa854,3,15,3
YBL034C,STU1,stu1-7,tsa950,3,15,4
YLR116W,MSL5,msl5-9,tsa855,3,15,5
YDR460W,TFB3,tfb3-ts,tsa951,3,15,6
YJL085W,EXO70,exo70-29/37,tsa856,3,15,7
YLR321C,SFH1,sfh1-1,tsa952,3,15,8
YKR037C,SPC34,spc34-7,tsa857,3,15,9
YOR174W,MED4,med4-54,tsa953,3,15,10
YOL123W,HRP1,hrp1-4,tsa858,3,15,11
YGR119C,NUP57,nup57-e17,tsa954,3,15,12
YDL103C,QRI1,qri1-ts1,tsa859,3,15,13
YGL097W,SRM1,srm1-ts,tsa955,3,15,14
YDL103C,QRI1,qri1-ts6,tsa860,3,15,15
YIL022W,TIM44,tim44-8,tsa956,3,15,16
YPL190C,NAB3,nab3-11,tsa861,3,15,17
YDR167W,TAF10,taf10-ts34,tsa957,3,15,18
YDR113C,PDS1,pds1-128,tsa862,3,15,19
YER168C,CCA1,cca1-1,tsa958,3,15,20
YER090W,TRP2,trp2,tsa863,3,15,21
YLL031C,GPI13,gpi13-4,tsa959,3,15,22
YPL255W,BBP1,bbp1-2,tsa864,3,15,23
YOL123W,HRP1,hrp1-1,tsa960,3,15,24
YOR202W,HIS3,his3,tsa1045,3,16,1
YMR049C,ERB1,erb1-5001,tsa1102,3,16,2
YKL021C,MAK11,mak11-2,tsa1046,3,16,3
BLANK,BLANK,,,3,16,4
YLR117C,CLF1,clf1-1,tsa1047,3,16,5
YMR200W,ROT1,rot1-5001,tsa1103,3,16,6
YFL017C,GNA1,gna1-ts,tsa1048,3,16,7
BLANK,BLANK,,,3,16,8
YPR094W,RDS3,rds3-1,tsa1049,3,16,9
BLANK,BLANK,,,3,16,10
YOR212W,STE4,ste4,tsa1050,3,16,11
BLANK,BLANK,,,3,16,12
YMR229C,RRP5,rrp5-delta6,tsa1051,3,16,13
YML126C,ERG13,erg13-5001,tsa1104,3,16,14
YDL209C,CWC2,cwc2-1,tsa1052,3,16,15
BLANK,BLANK,,,3,16,16
YHR058C,MED6,med6-ts,tsa1053,3,16,17
BLANK,BLANK,,,3,16,18
YGL234W,"ADE5,7","ade5,7",tsa1054,3,16,19
YIR011C,STS1,sts1-5001,tsa1105,3,16,20
YNL163C,RIA1,ria1-ts,tsa1055,3,16,21
YMR061W,RNA14,rna14-5001,tsa1106,3,16,22
YLR186W,EMG1,emg1-1,tsa1056,3,16,23
YBR049C,REB1,reb1-5001,tsa1107,3,16,24
YBL074C,AAR2,aar2-5001,tsa1108,4,1,1
YDR196C,CAB5,cab5-5001,tsa1204,4,1,2
YBR142W,MAK5,mak5-5001,tsa1109,4,1,3
YGR277C,CAB4,cab4-5001,tsa1205,4,1,4
YBR154C,RPB5,rpb5-5001,tsa1110,4,1,5
YKL088W,CAB3,cab3-5012,tsa1206,4,1,6
YDR064W,RPS13,rps13-5001,tsa1111,4,1,7
YJL097W,PHS1,phs1-5001,tsa1207,4,1,8
YDR086C,SSS1,sss1-5001,tsa1112,4,1,9
YHR122W,CIA2,cia2-5001,tsa1208,4,1,10
YDL015C,TSC13,tsc13-5001,tsa1113,4,1,11
YMR134W,ERG29,erg29-5001,tsa1209,4,1,12
YER168C,CCA1,cca1-5001,tsa1114,4,1,13
YML125C,PGA3,pga3-5001,tsa1210,4,1,14
YER009W,NTF2,ntf2-5001,tsa1115,4,1,15
YNL247W,,ynl247w-5001,tsa1211,4,1,16
YDL045C,FAD1,fad1-5001,tsa1116,4,1,17
YIL083C,CAB2,cab2-5001,tsa1212,4,1,18
YHR019C,DED81,ded81-5001,tsa1117,4,1,19
YNL181W,PBR1,pbr1-5014,tsa1213,4,1,20
YDR341C,,ydr341c-5001,tsa1118,4,1,21
YLR440C,SEC39,sec39-5001,tsa1214,4,1,22
YGL113W,SLD3,sld3-5001,tsa1119,4,1,23
YOR262W,GPN2,gpn2-5001,tsa1215,4,1,24
BLANK,BLANK,,,4,2,1
BLANK,BLANK,,,4,2,2
BLANK,BLANK,,,4,2,3
BLANK,BLANK,,,4,2,4
BLANK,BLANK,,,4,2,5
BLANK,BLANK,,,4,2,6
BLANK,BLANK,,,4,2,7
BLANK,BLANK,,,4,2,8
BLANK,BLANK,,,4,2,9
BLANK,BLANK,,,4,2,10
BLANK,BLANK,,,4,2,11
BLANK,BLANK,,,4,2,12
BLANK,BLANK,,,4,2,13
BLANK,BLANK,,,4,2,14
BLANK,BLANK,,,4,2,15
BLANK,BLANK,,,4,2,16
BLANK,BLANK,,,4,2,17
BLANK,BLANK,,,4,2,18
BLANK,BLANK,,,4,2,19
BLANK,BLANK,,,4,2,20
BLANK,BLANK,,,4,2,21
BLANK,BLANK,,,4,2,22
BLANK,BLANK,,,4,2,23
BLANK,BLANK,,,4,2,24
YGL091C,NBP35,nbp35-5001,tsa1120,4,3,1
YDR527W,RBA50,rba50-5001,tsa1216,4,3,2
YGR013W,SNU71,snu71-5001,tsa1121,4,3,3
YHR085W,IPI1,ipi1-5001,tsa1217,4,3,4
YDR201W,SPC19,spc19-5001,tsa1122,4,3,5
YDR299W,BFR2,bfr2-5001,tsa1218,4,3,6
YGL247W,BRR6,brr6-5001,tsa1123,4,3,7
YDR288W,NSE3,nse3-5001,tsa1219,4,3,8
YKL144C,RPC25,rpc25-5001,tsa1124,4,3,9
YDR246W,TRS23,trs23-5001,tsa1220,4,3,10
YGR172C,YIP1,yip1-5001,tsa1125,4,3,11
YHR020W,,yhr020w-5001,tsa1221,4,3,12
YGR195W,SKI6,ski6-5001,tsa1126,4,3,13
YKL095W,YJU2,yju2-5001,tsa1222,4,3,14
YDR091C,RLI1,rli1-5001,tsa1127,4,3,15
YDL193W,NUS1,nus1-5001,tsa1223,4,3,16
YHR190W,ERG9,erg9-5001,tsa1128,4,3,17
YJR072C,NPA3,npa3-5001,tsa1224,4,3,18
YHR101C,BIG1,big1-5001,tsa1129,4,3,19
YDR531W,CAB1,cab1-5001,tsa1225,4,3,20
YJL025W,RRN7,rrn7-5001,tsa1130,4,3,21
YDL105W,NSE4,nse4-5001,tsa1226,4,3,22
YML077W,BET5,bet5-5001,tsa1131,4,3,23
YLR060W,FRS1,frs1-5001,tsa1227,4,3,24
BLANK,BLANK,,,4,4,1
BLANK,BLANK,,,4,4,2
BLANK,BLANK,,,4,4,3
BLANK,BLANK,,,4,4,4
BLANK,BLANK,,,4,4,5
BLANK,BLANK,,,4,4,6
BLANK,BLANK,,,4,4,7
BLANK,BLANK,,,4,4,8
BLANK,BLANK,,,4,4,9
BLANK,BLANK,,,4,4,10
BLANK,BLANK,,,4,4,11
BLANK,BLANK,,,4,4,12
BLANK,BLANK,,,4,4,13
BLANK,BLANK,,,4,4,14
BLANK,BLANK,,,4,4,15
BLANK,BLANK,,,4,4,16
BLANK,BLANK,,,4,4,17
BLANK,BLANK,,,4,4,18
BLANK,BLANK,,,4,4,19
BLANK,BLANK,,,4,4,20
BLANK,BLANK,,,4,4,21
BLANK,BLANK,,,4,4,22
BLANK,BLANK,,,4,4,23
BLANK,BLANK,,,4,4,24
YLR005W,SSL1,ssl1-5001,tsa1132,4,5,1
YJL072C,PSF2,psf2-5001,tsa1228,4,5,2
YGL142C,GPI10,gpi10-5001,tsa1133,4,5,3
YDL003W,MCD1,mcd1-5001,tsa1229,4,5,4
YMR043W,MCM1,mcm1-5001,tsa1134,4,5,5
YDR331W,GPI8,gpi8-5001,tsa1230,4,5,6
YHR196W,UTP9,utp9-5001,tsa1135,4,5,7
YKR022C,NTR2,ntr2-5001,tsa1231,4,5,8
YHR118C,ORC6,orc6-5001,tsa1136,4,5,9
YPR085C,ASA1,asa1-5001,tsa1232,4,5,10
YGR005C,TFG2,tfg2-5001,tsa1137,4,5,11
YPR088C,SRP54,srp54-5001,tsa1233,4,5,12
YER094C,PUP3,pup3-5001,tsa1138,4,5,13
YDL148C,NOP14,nop14-5001,tsa1234,4,5,14
YFR050C,PRE4,pre4-5001,tsa1139,4,5,15
YDR240C,SNU56,snu56-5001,tsa1235,4,5,16
YLR197W,NOP56,nop56-5001,tsa1140,4,5,17
YDR416W,SYF1,syf1-5001,tsa1236,4,5,18
YLR186W,EMG1,emg1-5001,tsa1141,4,5,19
YPR082C,DIB1,dib1-5001,tsa1237,4,5,20
YLR196W,PWP1,pwp1-5001,tsa1142,4,5,21
YPR190C,RPC82,rpc82-5001,tsa1238,4,5,22
YLR115W,CFT2,cft2-5001,tsa1143,4,5,23
YDR081C,PDC2,pdc2-5001,tsa1239,4,5,24
BLANK,BLANK,,,4,6,1
BLANK,BLANK,,,4,6,2
BLANK,BLANK,,,4,6,3
BLANK,BLANK,,,4,6,4
BLANK,BLANK,,,4,6,5
BLANK,BLANK,,,4,6,6
BLANK,BLANK,,,4,6,7
BLANK,BLANK,,,4,6,8
BLANK,BLANK,,,4,6,9
BLANK,BLANK,,,4,6,10
BLANK,BLANK,,,4,6,11
BLANK,BLANK,,,4,6,12
BLANK,BLANK,,,4,6,13
BLANK,BLANK,,,4,6,14
BLANK,BLANK,,,4,6,15
BLANK,BLANK,,,4,6,16
BLANK,BLANK,,,4,6,17
BLANK,BLANK,,,4,6,18
BLANK,BLANK,,,4,6,19
BLANK,BLANK,,,4,6,20
BLANK,BLANK,,,4,6,21
BLANK,BLANK,,,4,6,22
BLANK,BLANK,,,4,6,23
BLANK,BLANK,,,4,6,24
YLR116W,MSL5,msl5-5001,tsa1144,4,7,1
YGR047C,TFC4,tfc4-5001,tsa1240,4,7,2
YLR033W,RSC58,rsc58-5001,tsa1145,4,7,3
YGR094W,VAS1,vas1-5001,tsa1241,4,7,4
YDL097C,RPN6,rpn6-5001,tsa1146,4,7,5
YDR398W,UTP5,utp5-5001,tsa1242,4,7,6
YGR253C,PUP2,pup2-5001,tsa1147,4,7,7
YBR004C,GPI18,gpi18-5001,tsa1243,4,7,8
YLR276C,DBP9,dbp9-5001,tsa1148,4,7,9
YFL017C,GNA1,gna1-5001,tsa1244,4,7,10
YLR291C,GCD7,gcd7-5001,tsa1149,4,7,11
YDR236C,FMN1,fmn1-5001,tsa1245,4,7,12
YLR316C,TAD3,tad3-5001,tsa1150,4,7,13
YMR093W,UTP15,utp15-5001,tsa1246,4,7,14
YLR317W,,ylr317w-5001,tsa1151,4,7,15
YPR162C,ORC4,orc4-5001,tsa1247,4,7,16
YLR340W,RPP0,rpp0-5001,tsa1152,4,7,17
YJR141W,IPA1,ipa1-5001,tsa1248,4,7,18
YOL038W,PRE6,pre6-5001,tsa1153,4,7,19
YOR362C,PRE10,pre10-5001,tsa1249,4,7,20
YOL069W,NUF2,nuf2-5001,tsa1154,4,7,21
YLR222C,UTP13,utp13-5001,tsa1250,4,7,22
YKL035W,UGP1,ugp1-5001,tsa1155,4,7,23
YPR161C,SGV1,sgv1-5001,tsa1251,4,7,24
BLANK,BLANK,,,4,8,1
BLANK,BLANK,,,4,8,2
BLANK,BLANK,,,4,8,3
BLANK,BLANK,,,4,8,4
BLANK,BLANK,,,4,8,5
BLANK,BLANK,,,4,8,6
BLANK,BLANK,,,4,8,7
BLANK,BLANK,,,4,8,8
BLANK,BLANK,,,4,8,9
BLANK,BLANK,,,4,8,10
BLANK,BLANK,,,4,8,11
BLANK,BLANK,,,4,8,12
BLANK,BLANK,,,4,8,13
BLANK,BLANK,,,4,8,14
BLANK,BLANK,,,4,8,15
BLANK,BLANK,,,4,8,16
BLANK,BLANK,,,4,8,17
BLANK,BLANK,,,4,8,18
BLANK,BLANK,,,4,8,19
BLANK,BLANK,,,4,8,20
BLANK,BLANK,,,4,8,21
BLANK,BLANK,,,4,8,22
BLANK,BLANK,,,4,8,23
BLANK,BLANK,,,4,8,24
YNL232W,CSL4,csl4-5001,tsa1156,4,9,1
YJR007W,SUI2,sui2-5001,tsa1252,4,9,2
YNL038W,GPI15,gpi15-5001,tsa1157,4,9,3
YLR029C,RPL15A,rpl15a-5007,tsa1253,4,9,4
YOR103C,OST2,ost2-5001,tsa1158,4,9,5
YJR064W,CCT5,cct5-5001,tsa1254,4,9,6
YNL002C,RLP7,rlp7-5001,tsa1159,4,9,7
YDR449C,UTP6,utp6-5001,tsa1255,4,9,8
YML127W,RSC9,rsc9-5001,tsa1160,4,9,9
YHR172W,SPC97,spc97-5001,tsa1256,4,9,10
YMR290C,HAS1,has1-5001,tsa1161,4,9,11
YIL061C,SNP1,snp1-5001,tsa1257,4,9,12
YMR281W,GPI12,gpi12-5001,tsa1162,4,9,13
YIL106W,MOB1,mob1-5001,tsa1258,4,9,14
YJR006W,POL31,pol31-5001-supp1,tsa1163,4,9,15
YER147C,SCC4,scc4-5001,tsa1259,4,9,16
YLR002C,NOC3,noc3-5001,tsa1164,4,9,17
YCL004W,PGS1,pgs1-5006,tsa1260,4,9,18
YNR038W,DBP6,dbp6-5001,tsa1165,4,9,19
YHR065C,RRP3,rrp3-5001,tsa1261,4,9,20
YHR188C,GPI16,gpi16-5001,tsa1166,4,9,21
YNL132W,KRE33,kre33-5001,tsa1262,4,9,22
YLL035W,GRC3,grc3-5001,tsa1167,4,9,23
YKL004W,AUR1,aur1-5003,tsa1263,4,9,24
BLANK,BLANK,,,4,10,1
BLANK,BLANK,,,4,10,2
BLANK,BLANK,,,4,10,3
BLANK,BLANK,,,4,10,4
BLANK,BLANK,,,4,10,5
BLANK,BLANK,,,4,10,6
BLANK,BLANK,,,4,10,7
BLANK,BLANK,,,4,10,8
BLANK,BLANK,,,4,10,9
BLANK,BLANK,,,4,10,10
BLANK,BLANK,,,4,10,11
BLANK,BLANK,,,4,10,12
BLANK,BLANK,,,4,10,13
BLANK,BLANK,,,4,10,14
BLANK,BLANK,,,4,10,15
BLANK,BLANK,,,4,10,16
BLANK,BLANK,,,4,10,17
BLANK,BLANK,,,4,10,18
BLANK,BLANK,,,4,10,19
BLANK,BLANK,,,4,10,20
BLANK,BLANK,,,4,10,21
BLANK,BLANK,,,4,10,22
BLANK,BLANK,,,4,10,23
BLANK,BLANK,,,4,10,24
YNR017W,TIM23,tim23-5001,tsa1168,4,11,1
YOL102C,TPT1,tpt1-5001,tsa1264,4,11,2
YNL282W,POP3,pop3-5001,tsa1169,4,11,3
YKL060C,FBA1,fba1-5009,tsa1265,4,11,4
YML065W,ORC1,orc1-5001,tsa1170,4,11,5
YJR042W,NUP85,nup85-5001,tsa1266,4,11,6
YOL077C,BRX1,brx1-5001,tsa1171,4,11,7
YJL174W,KRE9,kre9-5001,tsa1267,4,11,8
YLR100W,ERG27,erg27-5001,tsa1172,4,11,9
YDR404C,RPB7,rpb7-5001,tsa1268,4,11,10
YOR143C,THI80,thi80-5001,tsa1173,4,11,11
YKL013C,ARC19,arc19-5001,tsa1269,4,11,12
YBR254C,TRS20,trs20-5001,tsa1174,4,11,13
YJL011C,RPC17,rpc17-5001,tsa1270,4,11,14
YBR257W,POP4,pop4-5001,tsa1175,4,11,15
YOL130W,ALR1,alr1-5001,tsa1271,4,11,16
YDL208W,NHP2,nhp2-5001,tsa1176,4,11,17
YPR016C,TIF6,tif6-5001,tsa1272,4,11,18
YDR302W,GPI11,gpi11-5001,tsa1177,4,11,19
YKL019W,RAM2,ram2-5001,tsa1273,4,11,20
YDR434W,GPI17,gpi17-5001,tsa1178,4,11,21
YPR086W,SUA7,sua7-5001,tsa1274,4,11,22
YDR437W,GPI19,gpi19-5001,tsa1179,4,11,23
BLANK,BLANK,,,4,11,24
BLANK,BLANK,,,4,12,1
BLANK,BLANK,,,4,12,2
BLANK,BLANK,,,4,12,3
BLANK,BLANK,,,4,12,4
BLANK,BLANK,,,4,12,5
BLANK,BLANK,,,4,12,6
BLANK,BLANK,,,4,12,7
BLANK,BLANK,,,4,12,8
BLANK,BLANK,,,4,12,9
BLANK,BLANK,,,4,12,10
BLANK,BLANK,,,4,12,11
BLANK,BLANK,,,4,12,12
BLANK,BLANK,,,4,12,13
BLANK,BLANK,,,4,12,14
BLANK,BLANK,,,4,12,15
BLANK,BLANK,,,4,12,16
BLANK,BLANK,,,4,12,17
BLANK,BLANK,,,4,12,18
BLANK,BLANK,,,4,12,19
BLANK,BLANK,,,4,12,20
BLANK,BLANK,,,4,12,21
BLANK,BLANK,,,4,12,22
BLANK,BLANK,,,4,12,23
BLANK,BLANK,,,4,12,24
YNL312W,RFA2,rfa2-5001,tsa1180,4,13,1
BLANK,BLANK,,,4,13,2
YOL066C,RIB2,rib2-5001,tsa1181,4,13,3
BLANK,BLANK,,,4,13,4
YNL189W,SRP1,srp1-5001,tsa1182,4,13,5
BLANK,BLANK,,,4,13,6
YDR454C,GUK1,guk1-5001,tsa1183,4,13,7
BLANK,BLANK,,,4,13,8
YDR478W,SNM1,snm1-5001,tsa1184,4,13,9
BLANK,BLANK,,,4,13,10
YOR194C,TOA1,toa1-5001,tsa1185,4,13,11
BLANK,BLANK,,,4,13,12
YOR250C,CLP1,clp1-5001,tsa1186,4,13,13
BLANK,BLANK,,,4,13,14
YNL126W,SPC98,spc98-5001,tsa1187,4,13,15
BLANK,BLANK,,,4,13,16
YDR339C,FCF1,fcf1-5001,tsa1188,4,13,17
BLANK,BLANK,,,4,13,18
YPL063W,TIM50,tim50-5001,tsa1189,4,13,19
BLANK,BLANK,,,4,13,20
YNL158W,PGA1,pga1-5001,tsa1190,4,13,21
BLANK,BLANK,,,4,13,22
YCR052W,RSC6,rsc6-5001,tsa1191,4,13,23
BLANK,BLANK,,,4,13,24
BLANK,BLANK,,,4,14,1
BLANK,BLANK,,,4,14,2
BLANK,BLANK,,,4,14,3
BLANK,BLANK,,,4,14,4
BLANK,BLANK,,,4,14,5
BLANK,BLANK,,,4,14,6
BLANK,BLANK,,,4,14,7
BLANK,BLANK,,,4,14,8
BLANK,BLANK,,,4,14,9
BLANK,BLANK,,,4,14,10
BLANK,BLANK,,,4,14,11
BLANK,BLANK,,,4,14,12
BLANK,BLANK,,,4,14,13
BLANK,BLANK,,,4,14,14
BLANK,BLANK,,,4,14,15
BLANK,BLANK,,,4,14,16
BLANK,BLANK,,,4,14,17
BLANK,BLANK,,,4,14,18
BLANK,BLANK,,,4,14,19
BLANK,BLANK,,,4,14,20
BLANK,BLANK,,,4,14,21
BLANK,BLANK,,,4,14,22
BLANK,BLANK,,,4,14,23
BLANK,BLANK,,,4,14,24
YKL078W,DHR2,dhr2-5001,tsa1192,4,15,1
BLANK,BLANK,,,4,15,2
YNL182C,IPI3,ipi3-5001,tsa1193,4,15,3
BLANK,BLANK,,,4,15,4
YGL245W,GUS1,gus1-5001,tsa1194,4,15,5
BLANK,BLANK,,,4,15,6
YOR224C,RPB8,rpb8-5001,tsa1195,4,15,7
BLANK,BLANK,,,4,15,8
YPL204W,HRR25,hrr25-5001,tsa1196,4,15,9
BLANK,BLANK,,,4,15,10
YGL047W,ALG13,alg13-5001,tsa1197,4,15,11
BLANK,BLANK,,,4,15,12
YOR168W,GLN4,gln4-5001,tsa1198,4,15,13
BLANK,BLANK,,,4,15,14
YPL128C,TBF1,tbf1-5001,tsa1199,4,15,15
BLANK,BLANK,,,4,15,16
YOR260W,GCD1,gcd1-5001,tsa1200,4,15,17
BLANK,BLANK,,,4,15,18
YPL007C,TFC8,tfc8-5001,tsa1201,4,15,19
BLANK,BLANK,,,4,15,20
YPL235W,RVB2,rvb2-5001,tsa1202,4,15,21
BLANK,BLANK,,,4,15,22
YPR019W,MCM4,mcm4-5001,tsa1203,4,15,23
BLANK,BLANK,,,4,15,24
BLANK,BLANK,,,4,16,1
BLANK,BLANK,,,4,16,2
BLANK,BLANK,,,4,16,3
BLANK,BLANK,,,4,16,4
BLANK,BLANK,,,4,16,5
BLANK,BLANK,,,4,16,6
BLANK,BLANK,,,4,16,7
BLANK,BLANK,,,4,16,8
BLANK,BLANK,,,4,16,9
BLANK,BLANK,,,4,16,10
BLANK,BLANK,,,4,16,11
BLANK,BLANK,,,4,16,12
BLANK,BLANK,,,4,16,13
BLANK,BLANK,,,4,16,14
BLANK,BLANK,,,4,16,15
BLANK,BLANK,,,4,16,16
BLANK,BLANK,,,4,16,17
BLANK,BLANK,,,4,16,18
BLANK,BLANK,,,4,16,19
BLANK,BLANK,,,4,16,20
BLANK,BLANK,,,4,16,21
BLANK,BLANK,,,4,16,22
BLANK,BLANK,,,4,16,23
BLANK,BLANK,,,4,16,24
